Engine Capacity (liters),Cylinders,Drive Type,Fuel Type,Horsepower (bhp),Torque (Nm),Transmission,Seating Capacity,Length (meters),Width (meters),Height (meters),Wheelbase (meters),Trunk Capacity (liters),ABS (Anti-lock Brake System),Airbags,Anti theft alarm,BA (Brake Assist),Collision Detection,Differential Lock,EBD (Electronic Brakeforce Distribution),Fire Extinguisher,First Aid Kit,Gas Shock Absorber,Hill Assist,Hill Descent Control ,Immobilizer,ISO Fix Child Seat Anchors,Lane Departure Warning,Multi Terrain Select,Parking Sensors - Front and Rear,Pedestrian airbag,Rear Camera,Surround Camera,Tire Pressure Monitoring Display,Traction Control,Variable Cylinder Management (VCM),Center Arm Rest,Central Locking,Electric Sunroof,Foldable Rear Seats with 60:40 Split,Leather Seats,Multi Information Display,Panoramic Glass Roof,Power Steering,Rear Lcd screens,Steering Tilt Adjustment,Acoustic Hood,Aluminum Wheels,Auto Headlamps,Chrome Door Handles,Chrome Exhaust Pipes,Daytime Running Lights - LED,Door Reflectors,Dual Exhaust Tip,Electric Door Mirrors,Fog Lamp - Front and Rear,Front Brakes - Ventilated Discs,LED foglights,LED Headlights,LED Taillights,Off-Road Dampers,Power Tailgate,Power Windows - Front and Rear,Wheels - Alloy,Wind Blocker,Active Steering,Automatic AC,AUX,Bluetooth,HDMI,Keyless Entry,MP3,Push Button Start,Rain Sensing Wipers,Touchscreen ,USB,Wireless Headphones,Sell your car 100% absolutely free on YallaMotor.,200+ Cars Sold Everyday.,"115,000+  Satisfied Sellers.","500,000+  Monthly Buyers.",name,price,currency,country
-1,-1,-1,-1,-1,-1,-1,-1,-1,-1,-1,-1,-1,-1,-1,-1,-1,-1,-1,-1,-1,-1,-1,-1,-1,-1,-1,-1,-1,-1,-1,-1,-1,-1,-1,-1,-1,-1,-1,-1,-1,-1,-1,-1,-1,-1,-1,-1,-1,-1,-1,-1,-1,-1,-1,-1,-1,-1,-1,-1,-1,-1,-1,-1,-1,-1,-1,-1,-1,-1,-1,-1,-1,-1,-1,-1,-1,-1,-1,-1,-1,Porsche Panamera Sport Turismo 2021 Turbo S E-Hybrid,"995,060",SAR,ksa
4.0,8,All Wheel Drive,Hybrid,680,850,Automatic,5 Seater,1.990,1.428,2.950,425,0,1,1,1,1,1,0,1,0,0,0,1,0,1,1,1,0,1,0,1,0,1,1,0,1,1,0,1,1,1,1,1,0,1,0,0,1,0,0,1,0,0,1,1,0,0,1,1,0,1,1,1,0,0,1,1,1,0,1,1,1,1,1,1,0,1,1,1,1,0,0,0,0
1.5,4,Front Wheel Drive,Petrol,107,140,Automatic,5 Seater,1.748,1.493,2.570,502,0,1,1,1,1,1,0,1,1,0,1,0,0,1,1,0,0,1,1,0,0,0,0,0,0,1,0,0,0,1,0,1,1,1,1,0,0,1,1,0,0,0,1,0,0,1,0,0,1,1,1,1,0,1,0,0,0,1,1,1,0,0,1,1,1,1,1,1,1,Chery Arrizo 3 2022 1.5L Luxury ,"44,500",SAR,ksa
1.5,4,Rear Wheel Drive,Petrol,103,135,Automatic,7 Seater,1.695,1.705,2.685,213,0,1,1,1,1,0,0,1,0,0,0,1,0,1,1,0,0,1,0,0,0,1,0,0,1,1,0,1,0,1,0,1,0,1,0,0,0,0,0,1,0,0,1,1,0,0,1,1,0,0,1,1,0,0,1,1,1,0,1,1,1,0,0,1,0,1,1,1,1,Toyota Rush 2021 1.5L STD (7-Seater),"71,990",SAR,ksa
4.0,8,Rear Wheel Drive,Petrol,503,675,Automatic,4 Seater,2.060,1.300,2.805,270,0,1,1,1,1,1,0,1,0,0,0,1,0,1,0,1,0,1,0,1,0,1,1,0,1,1,0,0,1,1,0,1,0,1,0,0,1,0,0,1,0,0,1,1,0,0,1,1,0,0,0,1,0,0,1,1,1,0,1,1,1,1,1,1,0,1,1,1,1,Aston Martin DB11 2021 4.0T V8 Volante,"1,043,477",SAR,ksa
0,0,0,0,0,0,0,0,0,0,0,0,0,0,0,0,0,0,0,0,0,0,0,0,0,0,0,0,0,1,0,0,0,0,0,0,0,0,0,0,0,0,0,0,0,0,0,0,0,0,0,0,0,0,0,0,0,0,0,0,0,0,0,0,0,0,0,0,0,0,0,0,0,0,0,0,0,0,0,0,0,0,0,0,0
1.6,4,Front Wheel Drive,Petrol,110,155,Automatic,5 Seater,1.732,1.467,2.470,315,0,1,1,0,1,0,0,1,1,0,0,0,0,1,0,0,0,0,0,0,0,0,0,0,0,1,0,0,0,1,0,1,0,1,0,0,0,0,0,0,0,0,0,0,0,0,0,0,0,0,0,0,0,0,0,1,0,0,0,1,0,0,0,0,0,1,1,1,1,Skoda Fabia 2021 1.6L Ambition ,"57,173",SAR,ksa
3.5,6,Front Wheel Drive,Petrol,298,356,Automatic,5 Seater,1.840,1.445,2.824,427,0,1,1,1,1,0,0,1,0,0,0,1,0,1,1,0,0,1,0,1,0,1,0,0,1,1,1,0,1,1,0,1,0,1,0,0,1,0,0,1,0,1,1,1,0,0,1,0,0,0,1,1,0,0,1,1,1,0,1,1,1,0,1,1,0,1,1,1,1,Toyota Camry 2021 3.5L SE (298 HP),"133,630",SAR,ksa
3.5,N/A,All Wheel Drive,Petrol,280,355,Automatic,8 Seater,2.296,1.788,2.818,589,0,0,0,0,0,0,0,0,0,0,0,0,0,0,0,0,0,0,0,0,0,0,0,0,0,0,0,0,0,0,0,0,0,0,0,0,0,0,0,0,0,0,0,0,0,0,0,0,0,0,0,0,0,0,0,0,0,0,0,0,0,0,0,0,0,1,1,1,1,Honda Pilot 2021 3.5 EX-L (AWD),"183,885",SAR,ksa
2.5,4,Front Wheel Drive,Petrol,204,243,Automatic,5 Seater,1.865,1.445,2.870,454,0,1,1,1,1,1,1,1,1,0,1,1,0,1,1,0,0,1,1,1,0,1,1,0,1,1,1,1,1,1,0,1,1,1,1,1,1,1,1,1,0,1,1,1,1,1,0,1,1,1,1,1,1,1,1,1,1,1,1,1,1,1,0,1,1,1,1,1,1,Lexus ES 2021 250 Elegant,"183,540",SAR,ksa
0,0,0,0,0,0,0,0,0,0,0,0,0,0,0,0,0,1,0,0,0,0,0,0,0,0,0,0,0,0,0,0,0,0,0,0,0,0,0,0,0,1,0,0,0,0,0,0,0,0,1,0,0,0,0,0,0,0,0,0,0,0,0,0,0,0,0,0,0,0,0,0,0,0,0,0,0,0,0,0,0,0,0,0,0
3.5,N/A,All Wheel Drive,Petrol,365,570,Automatic,8 Seater,2.332,1.989,3.327,2421,0,1,1,1,0,0,0,0,0,0,0,0,0,0,1,0,0,1,0,0,0,1,0,0,0,1,0,0,0,0,0,1,0,1,0,0,1,1,0,0,0,0,1,0,0,0,0,0,0,0,1,1,0,0,0,1,0,0,1,1,0,0,0,0,0,1,1,1,1,Ford Expedition EL 2021 3.5L EcoBoost XLT,"272,085",SAR,ksa
3.6,6,All Wheel Drive,Petrol,285,353,Automatic,4 Seater,1.875,1.869,2.459,898,0,1,1,1,1,0,1,1,0,0,0,1,0,1,1,0,0,1,0,0,0,1,1,0,0,1,0,0,0,1,0,1,0,1,0,0,0,0,0,1,0,0,1,1,0,0,0,1,0,0,0,1,0,0,0,1,1,0,1,1,1,0,1,1,0,1,1,1,1,Jeep Wrangler 2021 3.6L V6 Sport (2-Door),"165,689",SAR,ksa
5.3,N/A,All Wheel Drive,Petrol,355,518,Automatic,6 Seater,2.063,1.915,3.987,1727,0,1,1,0,1,0,0,1,0,0,0,1,0,1,1,1,0,1,0,1,0,1,0,0,0,1,0,0,0,1,0,1,0,1,0,0,1,0,0,0,0,0,1,0,0,0,0,0,1,0,1,1,0,0,1,0,1,0,1,1,0,0,1,1,0,1,1,1,1,Chevrolet Silverado 2021 5.3 V8 RST,"174,200",SAR,ksa
5.5,8,All Wheel Drive,Petrol,585,760,Automatic,5 Seater,1.935,1.796,2.915,690,0,1,1,1,1,1,0,1,0,0,0,1,1,1,1,1,0,1,0,1,1,1,1,0,1,1,1,1,1,1,1,1,0,1,0,0,1,0,0,1,0,0,1,1,0,1,0,1,0,1,1,1,0,0,1,1,1,0,1,1,1,1,0,1,0,1,1,1,1,Mercedes-Benz GLE-Class 2021 GLE 63 S 4MATIC,"517,000",SAR,ksa
2.0,4,Front Wheel Drive,Petrol,240,366,Automatic,5 Seater,2.177,1.541,2.868,569,0,1,1,1,1,1,0,1,1,0,1,1,0,0,1,0,0,0,1,0,0,1,1,0,0,1,0,0,0,1,0,1,1,1,1,1,1,1,1,0,0,1,1,0,1,1,0,1,1,1,1,1,0,1,0,1,1,1,1,1,0,0,1,1,1,1,1,1,1,Ford Taurus 2021 2.0L EcoBoost Ambient ,"127,050",SAR,ksa
1.6,4,Front Wheel Drive,Petrol,165,240,Automatic,5 Seater,1.841,1.615,2.675,520,0,1,1,1,1,1,0,1,0,0,0,1,0,1,1,0,0,1,0,1,0,1,0,0,1,1,0,1,1,1,1,1,0,1,0,0,1,0,0,1,0,0,1,1,0,0,1,1,0,1,1,1,0,0,1,1,1,0,1,1,1,1,1,1,0,1,1,1,1,Peugeot 3008 2021 1.6T GT Line,"123,000",SAR,ksa
3.6,6,All Wheel Drive,Petrol,285,353,Automatic,5 Seater,5539 ,1875 ,1857,3487 ,,1,1,1,1,1,1,1,1,1,1,1,0,1,0,0,0,1,1,1,0,1,1,1,0,1,0,0,0,1,0,1,1,0,1,1,0,1,1,0,0,1,1,0,1,1,0,0,1,0,1,1,0,1,0,1,1,1,0,1,0,0,0,0,1,1,1,1,1,Jeep Gladiator 2021 3.6L Sport (4x4),"211,598",SAR,ksa
2.4,4,Rear Wheel Drive,Petrol,128,202,Manual,3 Seater,1.815,1.780,3.000,,0,1,1,0,0,0,0,1,0,0,0,0,0,0,0,0,0,0,0,0,0,1,0,0,0,0,0,0,0,1,0,1,0,1,0,0,0,0,0,0,0,0,0,0,0,0,0,0,0,0,0,0,0,0,0,0,0,0,0,0,0,0,0,0,0,1,1,1,1,Mitsubishi L200 2021 2.4L Single Cab GL (2WD),"67,023",SAR,ksa
5.3,8,Front Wheel Drive,Petrol,355,520,Automatic,7 Seater,5.334,2.057,1.943,3.071,,1,1,1,1,1,1,1,1,1,1,1,1,1,1,1,1,1,1,1,1,1,1,1,1,1,1,1,1,1,1,1,1,1,1,1,1,1,1,1,1,1,1,1,1,1,1,1,1,1,1,1,1,1,1,1,1,1,1,1,1,1,1,1,1,1,1,1,1,GMC Yukon 2021 5.3 V8 SLE (2WD),"218,900",SAR,ksa
5.3,N/A,All Wheel Drive,Petrol,355,519,Automatic,9 Seater,2.045,1.890,3.302,2172,0,1,1,1,1,1,0,1,0,0,0,1,1,1,1,1,0,1,0,1,0,1,0,1,1,1,1,1,1,1,0,1,0,1,0,0,1,0,0,1,0,0,1,1,0,0,0,1,1,1,1,1,0,0,1,1,1,0,1,1,1,1,1,1,0,1,1,1,1,Chevrolet Suburban 2021 5.3L RS 4WD ,TBD,SAR,ksa
2.0,4,All Wheel Drive,Petrol,150,196,CVT,5 Seater,1.800,1.615,2.665,1240,0,1,1,0,1,0,0,1,0,0,0,0,0,0,1,0,0,0,0,0,0,0,0,0,0,1,0,0,0,0,0,1,0,1,0,0,0,0,0,0,0,0,1,0,0,0,0,0,0,0,1,1,0,0,1,1,1,0,1,1,0,0,0,1,0,1,1,1,1,Subaru XV 2021 2.0L Standard,"93,000",SAR,ksa
2.0,4,All Wheel Drive,Petrol,280,400,Automatic,5 Seater,2.16,1.67,2.818,525,0,1,0,0,1,0,0,1,0,0,0,0,0,0,1,1,0,1,0,1,0,0,1,0,0,1,0,0,0,0,0,1,0,0,0,0,0,0,0,1,0,0,1,0,0,0,0,0,0,1,0,0,0,0,1,0,1,0,1,0,1,1,0,0,0,1,1,1,1,Alfa Romeo Stelvio 2021 Super,"208,180",SAR,ksa
5.3,8,All Wheel Drive,Petrol,355,519,Automatic,9 Seater,2.045,1.890,3.302,2172,0,1,1,1,1,1,0,1,0,0,0,1,0,1,1,1,0,1,0,1,0,1,0,0,1,1,1,1,1,0,0,1,0,1,0,0,1,0,0,1,0,0,1,1,0,0,0,1,1,1,1,1,0,0,1,1,1,0,1,1,0,1,1,1,0,1,1,1,1,Chevrolet Suburban 2021 5.3L LT 4WD,TBD,SAR,ksa
3.0,6,Rear Wheel Drive,Petrol,350,500,Automatic,5 Seater,1.948,1.481,3.171,530,0,1,1,1,1,0,0,1,0,0,0,1,0,1,1,0,0,1,0,1,0,1,1,0,1,1,0,0,1,1,0,1,0,1,0,0,1,0,0,1,0,1,1,0,0,0,0,1,0,0,1,1,0,0,1,1,1,0,1,1,1,1,1,1,0,1,1,1,1,Maserati Quattroporte 2021 3.0T V6,"473,850",SAR,ksa
1.2,4,Front Wheel Drive,Petrol,84,122,Automatic,5 Seater,1.595,1.495,2.400,255,0,1,1,0,0,0,0,0,0,0,0,0,0,0,1,0,0,0,0,0,0,1,0,0,0,1,0,1,1,1,0,1,0,1,0,0,0,0,0,1,0,0,1,1,0,0,0,0,0,0,1,1,0,0,1,1,1,0,1,1,0,0,1,1,0,1,1,1,1,Kia Picanto 2021 1.2L Top,"59,252",SAR,ksa
4.0,8,All Wheel Drive,Petrol,558,730,Automatic,4 Seater,2.030 ,1.838 ,3.135 ,520,0,1,1,0,1,1,0,1,0,1,0,1,1,1,1,0,0,1,0,1,0,1,1,0,1,1,1,1,1,1,0,1,0,1,0,0,1,0,0,1,0,0,1,1,0,0,1,1,0,1,1,1,0,1,1,1,1,0,1,1,1,1,0,1,0,1,1,1,1,Mercedes-Benz Maybach GLS 2021 600 4MATIC,TBD,SAR,ksa
0,0,0,0,0,0,0,0,0,0,0,0,0,0,0,0,0,0,0,0,0,0,0,0,0,0,0,0,0,1,0,0,0,0,0,0,0,0,0,0,0,0,0,0,0,0,0,0,0,0,0,0,0,0,0,0,0,0,0,0,0,0,0,0,0,0,0,0,0,0,0,0,0,0,0,0,0,0,0,0,0,0,0,0,0
6.6,12,Rear Wheel Drive,Petrol,624,800,Automatic,4 Seater,1.947,1.507,3.112,470,0,1,1,1,1,0,0,1,0,0,0,1,0,1,1,1,0,1,0,1,0,1,1,0,1,1,1,0,1,1,0,1,0,1,1,0,1,0,1,1,0,0,1,1,0,0,1,1,0,1,0,1,0,0,1,1,1,0,1,1,1,1,0,1,0,1,1,1,1,Rolls Royce Wraith 2021 6.6L Base,"1,595,000",SAR,ksa
2.0,4,All Wheel Drive,Petrol,201,320,Automatic,5 Seater,4.657,1.886,1.724,2.680,800,1,1,1,1,1,1,1,1,1,1,1,0,1,1,1,1,1,1,1,0,1,1,1,0,1,1,1,1,1,1,1,1,1,1,1,1,1,1,1,1,1,1,1,1,1,1,1,1,1,1,1,1,1,1,1,1,1,1,1,1,1,0,1,1,1,1,1,1,Haval H6 2022 2.0T Premium (4WD),"103,489",SAR,ksa
2.0,N/A,Front Wheel Drive,Petrol,250,389,Automatic,5 Seater,2.116,1.476,2.850,436,0,1,1,1,1,1,0,1,0,0,0,1,0,1,1,1,0,1,0,0,0,1,1,0,0,1,0,1,1,1,0,1,0,1,0,0,1,0,1,1,0,1,1,0,0,0,0,1,0,1,1,1,0,0,1,1,1,0,1,1,1,1,1,1,0,1,1,1,1,Lincoln MKZ 2021 2.0L Base,DISCONTINUED,SAR,ksa
3.5,N/A,All Wheel Drive,Petrol,290,346,Automatic,7 Seater,2.095,1.777,2.866,595,0,1,1,1,1,0,0,1,0,0,0,1,0,0,1,0,0,0,0,0,0,1,1,0,0,1,0,1,0,1,0,1,0,1,0,0,1,0,0,1,0,1,1,0,0,0,0,1,0,0,1,1,0,0,0,1,0,0,1,1,0,0,0,1,0,1,1,1,1,Ford Explorer 2021 3.5L V6 Base (AWD),"206,085",SAR,ksa
3.5,6,Front Wheel Drive,Petrol,280,355,Automatic,8 Seater,1.995,1.767,3.000,1093,0,1,1,1,1,0,0,1,0,0,0,1,0,1,1,0,0,0,0,1,0,1,1,1,1,1,0,1,0,1,0,1,0,1,0,0,0,1,0,1,0,0,1,0,0,0,0,1,0,0,1,1,0,0,1,1,1,1,1,1,1,0,1,1,0,1,1,1,1,Honda Odyssey 2021 3.5L LX,"160,885",SAR,ksa
2.5,4,Front Wheel Drive,Petrol,214,221,CVT,5 Seater,1.865,1.445,2.870,454,0,1,1,1,1,1,1,1,1,0,1,1,0,1,1,0,0,1,1,1,0,1,1,1,1,1,1,1,1,1,0,1,1,1,1,1,1,1,1,1,0,1,1,1,1,1,0,1,1,1,1,1,1,1,1,1,1,1,1,1,1,1,0,1,1,1,1,1,1,Lexus ES 2021 300 Hybrid Executive,"251,505",SAR,ksa
2.0,4,All Wheel Drive,Petrol,421,500,Automatic,5 Seater,1.777,1.432,2.699,470,0,1,1,1,1,1,0,1,0,0,0,1,0,1,1,0,0,1,0,1,0,1,1,0,1,1,0,0,1,1,1,1,0,1,0,0,1,0,1,1,0,1,1,0,0,0,1,1,0,1,1,1,0,0,1,1,1,0,1,1,1,1,0,1,0,1,1,1,1,Mercedes-Benz CLA-Class 2021 CLA 45 S AMG 4MATIC+,"288,305",SAR,ksa
2.0,4,Rear Wheel Drive,Petrol,225,350,Automatic,7 Seater,5.005 ,1.932,1.875 ,2.950 ,,1,1,1,1,0,0,1,0,0,0,1,1,1,1,0,0,1,0,1,0,1,1,0,0,1,0,1,1,1,0,1,0,1,0,0,1,0,0,1,0,0,0,1,1,0,0,0,0,0,1,1,0,0,0,1,1,1,0,1,1,0,1,1,0,1,1,1,1,Maxus D90 2021 2.0T Elite (2WD),"84,000",SAR,ksa
0,0,0,0,0,0,0,0,0,0,0,0,0,0,0,0,0,0,0,0,0,0,0,0,0,0,0,0,0,1,0,0,0,0,0,0,0,0,0,0,0,0,0,0,0,0,0,0,0,0,0,0,0,0,0,0,0,0,0,0,0,0,0,0,0,0,0,0,0,0,0,0,0,0,0,0,0,0,0,0,0,0,0,0,0
3.3,6,All Wheel Drive,Petrol,318,437,Automatic,7 Seater,2.004,1.775,3.025,515,0,1,1,1,1,1,0,1,1,0,1,1,0,0,1,0,0,1,1,0,0,1,1,1,0,1,1,0,0,1,0,1,1,1,1,1,0,1,1,1,0,1,1,0,1,1,0,1,1,0,1,0,1,1,0,1,0,1,1,1,0,0,0,0,1,1,1,1,1,Ford Explorer 2021 3.3L Limited V6 Hybrid (AWD)  ,TBD,SAR,ksa
2.2,4,Rear Wheel Drive,Petrol,76,193,Manual,2 Seater,5.020,1.690,1.935,2.590,,0,0,0,0,0,0,0,0,0,0,0,0,0,0,0,0,0,0,0,0,0,0,0,0,0,0,0,0,0,0,1,0,0,0,0,0,0,0,0,0,0,0,0,0,0,0,0,0,0,0,0,0,0,0,0,0,0,0,0,0,0,0,0,0,1,1,1,1,Foton View 2021 C Panel Van,"60,000",SAR,ksa
2.5,4,Rear Wheel Drive,Petrol,147,213,Automatic,3 Seater,1.695,1.990,2.555,6000,0,0,1,0,0,0,0,0,0,0,0,0,0,0,0,0,0,0,0,0,0,0,0,0,0,0,0,0,0,0,0,1,0,0,0,0,0,0,0,0,0,0,0,0,0,0,0,0,0,0,0,0,0,0,0,1,0,0,0,0,0,0,0,0,0,1,1,1,1,Nissan Urvan 2021 3-Seater Automatic (5-Door),TBD,SAR,ksa
4.0,8,All Wheel Drive,Hybrid,986,800,Automatic,2 Seater,1.972 ,1.186 ,2.650 ,74,0,1,1,1,1,0,0,1,0,0,0,1,0,1,0,0,0,1,0,1,1,0,1,0,0,1,0,0,0,1,0,1,0,1,0,0,0,0,0,0,0,1,1,0,0,0,1,1,0,0,0,1,0,0,1,0,1,0,1,1,1,0,1,1,0,1,1,1,1,Ferrari SF90 Stradale 2021 4.0T V8 Plug-in-Hybrid ,"2,090,000",SAR,ksa
5.7,8,Rear Wheel Drive,Petrol,363,535,Automatic,5 Seater,1.905,1.483,3.053,462,0,1,1,1,1,0,0,1,0,0,0,1,0,1,1,1,0,0,0,1,0,1,1,0,1,1,1,1,1,1,0,1,0,1,0,0,1,1,0,0,0,1,1,0,0,1,0,1,0,0,1,1,0,0,1,1,1,0,1,1,1,1,1,1,0,1,1,1,1,Chrysler 300S 2021 5.7L V8 Luxury ,"190,988",SAR,ksa
0.0,6,N/A,Petrol,0,0,N/A,N A,,,,,,0,0,0,0,0,0,0,0,0,0,0,0,0,0,0,0,0,0,0,0,0,0,0,0,0,0,0,0,0,0,0,0,0,0,0,0,0,0,0,0,0,0,0,0,0,0,0,0,0,0,0,0,0,0,0,0,0,0,0,0,0,0,0,0,1,1,1,1,Aston Martin Valhalla 2021 AM-RB 003 V6 Hypercar ,TBD,SAR,ksa
1.8,4,Front Wheel Drive,Petrol,140,172,CVT,5 Seater,1.772,1.605,2.610,688,0,1,1,0,1,0,0,1,0,0,0,1,0,0,1,0,0,1,0,0,1,1,1,0,0,1,1,1,1,1,0,1,0,1,0,0,0,0,0,1,0,0,1,1,0,0,1,1,0,0,1,1,0,0,0,1,1,1,1,1,1,0,1,1,0,1,1,1,1,Honda HR-V 2021 1.8 i-VTEC EX,"95,335",SAR,ksa
0,0,0,0,0,0,0,0,0,0,0,0,0,0,0,0,0,0,0,0,0,0,0,0,0,0,0,0,0,1,0,0,0,0,0,0,0,0,0,0,0,0,0,0,0,0,0,0,0,0,0,0,0,0,0,0,0,0,0,0,0,0,0,0,0,0,0,0,0,0,0,0,0,0,0,0,0,0,0,0,0,0,0,0,0
2.0,4,All Wheel Drive,Petrol,220,350,Automatic,5 Seater,1.839,1.646,2.681,615,0,1,1,1,1,1,0,1,1,0,1,1,1,1,1,0,0,1,1,1,0,1,1,0,1,1,0,1,1,1,1,1,1,1,1,1,1,1,1,1,1,0,1,1,1,1,1,1,1,1,1,1,0,1,1,1,1,1,1,1,0,1,1,1,1,1,1,1,1,Volkswagen Tiguan 2021 2.0L R-Line,"129,723",SAR,ksa
0,0,0,0,0,0,0,0,0,0,0,0,0,0,0,0,0,0,0,0,0,0,0,0,0,0,0,0,0,1,0,0,0,0,0,0,0,0,0,0,0,0,0,0,0,0,0,0,0,0,0,0,0,0,0,0,0,0,0,0,0,0,0,0,0,0,0,0,0,0,0,0,0,0,0,0,0,0,0,0,0,0,0,0,0
2.0,4,N/A,Diesel,120,340,Automatic,N A,2.204,1.935,3.275,4000,0,1,1,1,0,0,0,1,0,0,0,0,0,1,0,0,0,1,0,0,0,0,0,0,0,0,0,0,0,0,0,0,0,0,0,0,0,0,0,0,0,0,0,0,0,0,0,0,0,0,0,0,0,0,0,1,0,0,0,1,0,0,0,0,0,1,1,1,1,Peugeot Expert 2021 Van L3 A/T,"82,845",SAR,ksa
1.8,4,Front Wheel Drive,Petrol,177,245,Automatic,5 Seater,1.850,1.705,2.700,590,0,1,1,1,1,0,0,1,0,0,0,1,0,1,0,0,0,1,0,1,0,1,1,0,1,1,1,1,1,1,0,1,0,1,0,0,0,0,0,0,0,0,1,0,0,0,0,1,0,0,1,1,0,0,1,1,1,0,1,1,1,0,1,1,0,1,1,1,1,Changan CS75 2021 1.8T GDI Full Option  (2WD),"86,906",SAR,ksa
2.0,4,Front Wheel Drive,Petrol,248,380,CVT,5 Seater,4.869,1.850,1.440,2.825,517,1,1,0,0,0,0,1,0,0,0,0,0,1,0,0,0,0,0,0,0,0,1,0,0,1,0,0,0,1,0,1,0,1,0,0,0,0,0,0,0,0,1,0,0,0,0,0,0,0,1,0,0,0,0,1,0,0,1,0,1,0,0,0,0,1,1,1,1,Nissan Altima 2021 2.0 Turbo SV,"107,500",SAR,ksa
2.0,4,Rear Wheel Drive,Petrol,258,400,Automatic,5 Seater,1.902,1.538,3.070,610,0,1,1,1,1,0,0,1,0,0,0,1,0,1,1,0,0,1,0,1,0,1,1,0,1,1,0,1,1,1,1,1,0,1,0,0,1,0,1,1,0,0,1,1,0,0,0,1,0,1,1,1,0,0,1,1,1,0,1,1,1,1,0,1,0,1,1,1,1,BMW 6 Series Gran Turismo 2021 630i,"364,100",SAR,ksa
1.6,4,Front Wheel Drive,Petrol,123,151,Automatic,5 Seater,1.729,1.475,2.600,396,0,1,1,1,1,0,0,1,0,0,0,1,0,1,1,0,0,1,0,1,0,1,1,0,1,1,1,1,0,1,0,1,0,1,0,0,0,0,0,1,0,0,1,1,0,0,0,0,0,0,1,1,0,0,1,1,1,0,1,1,1,0,1,1,0,1,1,1,1,Hyundai Accent 2021 1.6L High,"60,500",SAR,ksa
2.0,4,Front Wheel Drive,Petrol,150,197,Automatic,5 Seater,1.810,1.625,2.670,358,0,1,1,1,1,0,0,1,0,0,0,0,0,1,0,0,0,0,0,0,0,1,0,0,1,1,0,1,0,1,0,1,0,1,0,0,0,0,0,0,0,0,1,0,0,0,0,0,0,0,1,1,0,0,0,0,0,0,1,0,0,0,0,0,0,1,1,1,1,Mitsubishi ASX 2021 2.0L GLX (2WD),"79,375",SAR,ksa
1.0,3,Front Wheel Drive,Petrol,115,180,Automatic,5 Seater,1.800 ,1.595 ,2.636 ,251,0,1,1,1,1,1,0,1,1,0,1,0,0,1,0,0,0,0,1,1,0,0,0,0,0,0,0,0,0,1,0,1,1,1,1,0,0,1,1,1,0,0,1,0,0,1,0,1,1,1,1,0,0,1,1,1,1,1,1,1,1,0,0,1,1,1,1,1,1,Nissan Juke 2021 1.0T ,TBD,SAR,ksa
2.0,N/A,All Wheel Drive,Petrol,250,389,Automatic,5 Seater,2.116,1.476,2.850,436,0,1,1,1,1,1,0,1,0,0,0,1,0,1,1,1,0,1,0,0,0,1,1,0,0,1,0,1,1,1,0,1,0,1,0,0,1,0,1,1,0,1,1,0,0,0,0,1,0,1,1,1,0,0,1,1,1,0,1,1,1,1,1,1,0,1,1,1,1,Lincoln MKZ 2021 2.0T Reserve (AWD),DISCONTINUED,SAR,ksa
2.0,4,Rear Wheel Drive,Petrol,247,365,Automatic,5 Seater,2.091,1.457,2.960,540,0,0,0,0,0,1,0,0,1,0,1,0,0,0,0,0,0,0,1,0,0,0,0,0,0,0,0,0,0,1,0,0,1,0,1,0,0,1,1,0,0,0,0,0,0,1,0,0,1,0,0,0,0,1,0,0,0,1,0,0,0,0,0,0,1,1,1,1,1,Jaguar XF 2021 2.0T HSE (250 PS)  ,"309,925",SAR,ksa
3.0,6,All Wheel Drive,Petrol,385,450,Automatic,4 Seater,1.852,1.298,2.450,132,0,1,1,1,1,0,0,1,0,0,0,0,0,1,1,0,0,0,0,0,0,0,1,0,0,1,0,0,1,1,0,1,0,1,0,0,1,0,0,1,0,1,1,0,0,0,0,1,0,0,0,1,0,0,1,1,0,0,0,1,0,0,0,0,0,1,1,1,1,Porsche 911 2021 Carrera 4,"488,091",SAR,ksa
1.4,4,Front Wheel Drive,Petrol,156,260,Automatic,5 Seater,4.335,1.825,1.660,2.600,348,1,0,0,0,1,0,1,1,0,1,0,0,0,0,0,0,1,1,0,0,0,0,0,0,1,0,0,0,1,0,1,1,0,1,0,0,0,1,0,0,0,1,0,0,1,0,0,1,1,1,1,0,1,0,1,0,1,1,1,0,0,0,1,1,1,1,1,1,Changan CS35 Plus 2021 1.4T GDI Limited ,"73,025",SAR,ksa
5.0,8,All Wheel Drive,Petrol,517,625,Automatic,5 Seater,2.008,1.965,3.022,1075,0,0,0,1,0,1,1,0,1,0,1,0,0,1,0,0,0,0,1,0,0,0,0,1,0,0,1,0,0,1,0,1,1,0,1,0,0,1,1,0,0,0,0,0,0,1,0,0,1,0,0,0,0,1,0,1,0,1,0,0,0,0,0,0,1,1,1,1,1,Land Rover Defender 2021 110 X V8 (P525),"666,080",SAR,ksa
2.0,4,Rear Wheel Drive,Diesel,143,315,Manual,5 Seater,1.800,1.760,3.350,,0,1,1,1,0,0,1,1,0,0,0,1,0,1,0,0,0,0,0,1,0,0,1,0,0,0,0,0,1,0,0,1,0,0,0,0,0,0,0,0,0,0,0,0,0,0,1,0,0,0,0,1,0,0,0,1,1,0,0,1,0,0,0,0,0,1,1,1,1,Great Wall Wingle 7 2021 2.0T Single Cabin (RWD) ,"64,369",SAR,ksa
2.7,N/A,All Wheel Drive,Petrol,310,471,Automatic,6 Seater,2.063 ,1.915,3.987,1727,0,1,1,0,1,0,0,1,0,0,0,1,0,1,1,0,0,0,0,0,0,1,0,0,1,1,0,0,0,1,0,1,0,1,0,0,0,0,0,1,0,0,1,0,0,0,0,0,1,0,1,1,0,0,1,1,1,0,1,1,0,0,1,0,0,1,1,1,1,Chevrolet Silverado 2021 2.7 Turbo LT,"161,900",SAR,ksa
4.8,6,All Wheel Drive,Petrol,280,451,Manual,7 Seater,1.940,1.855,2.970,668,0,1,1,0,0,0,0,0,0,0,0,0,0,1,0,0,0,0,0,0,0,0,0,0,1,1,1,0,1,0,0,1,0,1,0,0,0,1,0,0,0,0,1,0,0,0,0,0,0,0,1,1,0,0,0,1,0,0,1,1,0,0,0,0,0,1,1,1,1,Nissan Patrol Safari 2021 Super Safari M/T,"180,000",SAR,ksa
4.6,8,All Wheel Drive,Petrol,304,439,Automatic,8 Seater,1.980,1.930,2.850,456,0,1,1,1,1,0,1,1,0,0,0,1,0,1,1,0,0,1,0,1,0,1,1,0,1,1,1,1,0,1,0,1,0,1,0,0,0,0,0,1,0,0,1,1,0,1,1,0,0,0,1,1,0,0,1,1,1,1,1,1,1,0,1,1,0,1,1,1,1,Toyota Land Cruiser 2021 4.6L GXR3 LS,"287,357",SAR,ksa
6.2,8,Rear Wheel Drive,Petrol,455,614,Automatic,4 Seater,1.897,1.344,2.811,206,0,1,1,1,1,0,0,1,0,0,0,1,0,1,1,0,0,1,0,1,0,1,1,0,0,1,0,0,1,1,0,1,0,1,0,0,0,0,0,1,0,1,1,0,0,0,0,0,0,0,0,1,1,0,1,1,1,0,1,1,1,1,1,1,0,1,1,1,1,Chevrolet Camaro Convertible 2021 6.2L SS,TBD,SAR,ksa
2.0,4,Front Wheel Drive,Petrol,198,300,Automatic,4 Seater,1.910,1.508,2.907,500,0,1,1,1,1,0,0,1,0,0,0,1,0,1,1,1,0,1,0,1,1,1,1,0,1,1,0,0,1,1,1,1,0,1,0,0,1,0,0,1,0,0,1,1,0,0,1,1,0,0,1,1,0,0,1,1,1,0,1,1,1,1,1,1,0,1,1,1,1,GAC GA8 2021 2.0T GL,"107,720",SAR,ksa
4.0,N/A,Rear Wheel Drive,Petrol,510,700,Automatic,4 Seater,1.877,1.400,2.840,400,0,1,1,1,1,1,0,1,0,0,0,1,0,1,1,1,0,1,0,1,0,1,1,0,1,1,1,0,1,1,0,1,0,1,0,0,1,0,1,1,0,0,1,1,0,0,1,1,0,1,0,1,0,0,1,1,1,0,1,1,1,1,0,1,0,1,1,1,1,Mercedes-Benz C-Class Coupe 2021 AMG C63 S,"448,960",SAR,ksa
1.4,4,Front Wheel Drive,Petrol,98,127,Automatic,5 Seater,1.597,1.483,2.385,314,0,1,1,0,1,0,0,1,0,0,0,0,0,1,1,0,0,0,0,0,0,1,0,0,0,1,0,0,0,1,0,1,0,0,0,0,0,0,0,0,0,0,1,0,0,0,0,0,0,0,1,0,0,0,0,0,1,0,0,1,0,0,0,1,0,1,1,1,1,Chevrolet Spark 2021 1.4L LS,TBD,SAR,ksa
2.7,4,All Wheel Drive,Petrol,160,245,Automatic,7 Seater,1.855,1.835,2.750,348,0,1,1,1,1,0,0,1,0,0,0,1,0,1,1,0,0,1,0,0,0,1,0,0,0,1,0,0,0,1,0,1,0,1,0,0,0,0,0,0,0,0,1,1,0,0,0,1,0,0,1,1,0,0,0,1,1,0,1,1,0,0,0,1,0,1,1,1,1,Toyota Fortuner 2021 2.7L GX2 (4X4),"127,995",SAR,ksa
2.0,6,Front Wheel Drive,Petrol,250,335,Automatic,5 Seater,2.187,1.681,2.850,1053,0,1,0,0,1,0,0,1,0,0,0,0,0,1,1,1,0,1,0,1,1,1,1,0,1,1,1,1,1,1,1,1,0,1,0,0,1,0,0,1,0,0,1,1,0,0,1,1,0,0,1,1,0,0,1,0,1,0,1,0,1,0,1,1,0,1,1,1,1,Lincoln Nautilus 2021 2.0T (250 Hp) ,"179,285",SAR,ksa
2.5,4,Front Wheel Drive,Petrol,205,249,Automatic,5 Seater,1.840,1.445,2.824,427,0,1,1,1,1,0,0,1,0,0,0,1,0,1,1,0,0,1,0,1,0,1,0,0,1,1,1,0,0,1,0,1,0,1,0,0,1,1,0,1,0,0,1,0,0,1,1,0,0,0,1,1,0,0,1,1,1,0,1,1,1,0,1,1,0,1,1,1,1,Toyota Camry 2021 2.5L GLE (204 HP),"111,665",SAR,ksa
3.0,6,All Wheel Drive,Petrol,400,550,Automatic,5 Seater,2.008,1.965,3.022,1075,0,0,0,1,0,1,0,0,1,0,1,0,0,1,0,0,0,0,1,0,0,0,0,0,0,0,0,0,0,1,0,1,1,0,1,0,0,1,1,0,0,0,0,0,0,1,0,0,1,0,0,0,0,1,0,1,0,1,0,0,0,0,0,0,1,1,1,1,1,Land Rover Defender 2021 110 HSE (P400),"393,760",SAR,ksa
3.0,6,Rear Wheel Drive,Petrol,385,450,Automatic,4 Seater,1.852,2.024,2.450,132,0,1,1,1,1,0,0,1,0,0,0,0,0,1,1,0,0,0,0,0,0,0,1,0,0,1,0,0,1,1,0,1,0,1,0,0,1,0,0,1,0,1,1,0,0,0,0,1,0,0,0,1,0,0,1,1,0,0,0,1,0,0,0,0,0,1,1,1,1,Porsche 911 2021 Carrera Cabriolet ,"508,432",SAR,ksa
6.7,12,All Wheel Drive,Petrol,563,850,Automatic,5 Seater,2.164,1.835,3.295,600,0,1,1,1,1,1,0,1,0,0,0,1,1,1,1,1,1,1,0,1,1,1,1,0,1,1,0,1,1,1,1,1,0,1,1,0,1,0,1,1,0,1,1,1,0,0,1,1,0,1,1,1,0,0,1,1,1,0,1,1,1,1,0,1,0,1,1,1,1,Rolls Royce Cullinan 2021 6.75L Twin-Turbo (563 HP),"1,423,500",SAR,ksa
3.6,6,Rear Wheel Drive,Petrol,420,583,Automatic,5 Seater,1.834,1.453,2.911,385,0,1,1,1,1,1,0,1,0,0,0,1,0,1,1,1,0,1,0,1,1,1,1,0,1,1,0,0,1,1,1,1,0,1,0,0,1,0,0,1,0,1,1,1,0,0,0,1,0,0,1,1,0,0,1,1,1,0,1,1,1,1,1,1,0,1,1,1,1,Cadillac CTS 2021 3.6L V6 Twin Turbo V-Sport,DISCONTINUED,SAR,ksa
2.0,4,Front Wheel Drive,Petrol,155,192,Automatic,5 Seater,1.850,1.640,2.670,,0,1,1,1,1,0,0,1,0,0,0,0,0,1,0,0,0,1,0,0,0,0,0,0,0,1,0,1,0,0,0,1,0,0,0,0,0,0,0,0,0,0,0,1,0,0,1,1,0,0,0,1,0,0,0,1,1,0,0,1,0,0,0,0,0,1,1,1,1,Kia Sportage 2021 2.0L MPI EX (FWD) ,"89,551",SAR,ksa
4.0,8,All Wheel Drive,Petrol,585,850,Automatic,5 Seater,1.984,1.969,2.890,,0,1,1,1,1,0,0,1,0,0,0,1,1,1,1,0,1,1,0,1,0,1,1,0,1,1,1,1,1,1,0,1,0,1,0,0,1,0,1,1,0,0,1,1,0,1,1,1,0,0,1,1,0,0,1,1,1,0,1,1,1,1,1,1,0,1,1,1,1,Mercedes-Benz G-Class 2021 G63,"691,994",SAR,ksa
3.0,6,All Wheel Drive,Petrol,400,550,Automatic,5 Seater,2.008,1.969,2.587,397,0,0,0,1,0,1,1,0,1,0,1,0,0,1,0,0,0,0,1,0,0,0,0,1,0,0,1,0,0,1,0,1,1,0,1,0,0,1,1,0,0,0,0,0,0,1,0,0,1,0,0,0,0,1,0,1,0,1,0,0,0,0,0,0,1,1,1,1,1,Land Rover Defender 2021 90 HSE (P400) ,"368,115",SAR,ksa
2.0,4,Rear Wheel Drive,Petrol,240,350,Automatic,5 Seater,4.756 ,1.815 ,1.423 ,2.775 ,303,1,1,1,1,0,0,1,0,0,0,0,0,1,1,0,0,1,0,1,0,1,0,1,0,1,1,1,1,0,0,1,0,1,0,0,0,0,0,1,0,1,0,1,0,0,1,1,0,0,1,1,0,0,1,1,1,0,1,1,1,0,0,1,0,1,1,1,1,Cadillac CT4 2021 2.0T Sport ,"169,900",SAR,ksa
1.5,4,Front Wheel Drive,Petrol,119,145,CVT,5 Seater,1.748,1.467,2.600,510,0,1,1,0,1,1,0,1,1,0,1,0,0,1,1,0,0,1,1,0,0,0,0,0,0,1,1,0,0,1,0,1,1,1,1,0,0,1,1,0,0,0,1,0,0,1,0,0,1,1,1,1,0,1,1,1,1,1,1,1,1,0,1,1,1,1,1,1,1,Honda City 2021 1.5L EX,TBD,SAR,ksa
5.3,8,All Wheel Drive,Petrol,355,519,Automatic,9 Seater,2.057,1.927,3.070,2038,0,1,1,1,1,1,0,1,1,0,1,1,0,1,1,0,0,1,1,1,0,1,1,0,1,1,1,1,1,1,0,1,1,1,1,1,1,1,1,1,0,0,1,1,1,1,0,1,1,1,1,1,0,1,1,1,1,1,1,1,1,0,1,1,1,1,1,1,1,Chevrolet Tahoe 2021 5.3L LT 4WD,"222,300",SAR,ksa
0,0,0,0,0,0,0,0,0,0,0,0,0,0,0,0,0,0,0,0,0,0,0,0,0,0,0,0,0,1,0,0,0,0,0,0,0,0,0,0,0,0,0,0,0,0,0,0,0,0,0,0,0,0,0,0,0,0,0,0,0,0,0,0,0,0,0,0,0,0,0,0,0,0,0,0,0,0,0,0,0,0,0,0,0
4.0,8,All Wheel Drive,Petrol,600,800,Automatic,5 Seater,1.998 ,1.694 ,2.998 ,605,0,1,1,1,1,0,0,1,0,0,0,1,0,1,0,0,0,1,0,1,0,0,1,0,0,1,1,1,1,1,0,1,0,0,0,0,1,0,0,1,0,1,1,1,0,0,1,1,0,0,1,1,0,0,1,1,1,0,1,1,1,0,1,1,0,1,1,1,1,Audi RS Q8 2021 4.0 TFSI V8 Quattro ,TBD,SAR,ksa
0.0,4,All Wheel Drive,Petrol,306,400,Automatic,N A,1.834 ,1.662 ,2.829 ,570,0,1,1,1,1,0,0,1,0,0,0,1,0,1,0,0,0,0,0,1,1,0,0,0,0,1,0,1,1,0,0,1,0,0,0,0,0,0,0,0,0,0,0,0,0,0,0,0,0,0,0,1,0,0,1,1,1,0,1,1,1,0,0,0,0,1,1,1,1,Mercedes-Benz GLB 2021 AMG 35 4MATIC ,TBD,SAR,ksa
5.7,8,Rear Wheel Drive,Petrol,375,555,Automatic,5 Seater,1.923,1.460,2.950,459,0,1,1,1,1,0,0,1,0,0,0,1,0,1,1,0,0,1,0,1,0,1,1,0,0,1,0,0,1,1,0,1,0,1,0,0,1,0,0,1,0,1,1,0,0,0,0,0,0,0,0,1,0,0,1,1,1,0,1,1,1,1,1,1,0,1,1,1,1,Dodge Challenger 2021 5.7L R/T Plus,"191,015",SAR,ksa
3.0,6,Rear Wheel Drive,Petrol,385,450,Automatic,4 Seater,1.852,1.298,2.450,132,0,1,1,1,1,0,0,1,0,0,0,1,0,1,1,0,0,1,0,1,0,0,1,0,0,1,0,0,1,1,0,1,0,1,0,0,1,0,0,1,0,1,1,0,0,0,0,1,0,0,0,1,0,0,1,1,1,0,1,1,1,0,1,1,0,1,1,1,1,Porsche 911 2021 Carrera,"454,021",SAR,ksa
2.4,4,All Wheel Drive,Petrol,170,225,Automatic,7 Seater,1.890,1.690,2.780,1050,0,1,1,0,1,0,0,1,0,0,0,0,0,1,1,0,0,1,0,0,0,1,0,0,1,1,0,0,0,1,0,1,0,1,0,0,1,0,0,1,0,0,1,1,0,0,0,0,0,0,1,1,0,0,1,1,1,0,1,1,0,0,0,1,0,1,1,1,1,Kia Sorento 2021 2.4L Base (AWD),"97,500",SAR,ksa
2.0,4,Rear Wheel Drive,Petrol,184,270,Automatic,4 Seater,1.825,1.377,2.810,445,0,1,1,1,1,0,0,1,0,0,0,1,0,1,1,0,0,1,0,1,0,1,1,0,0,1,0,0,1,1,0,1,0,1,0,0,1,0,1,1,0,0,1,1,0,1,1,1,0,0,0,1,0,0,1,1,1,0,1,1,1,0,0,1,0,1,1,1,1,BMW 4 Series Coupe 2021 420i,"215,000",SAR,ksa
3.0,6,All Wheel Drive,Petrol,360,495,Automatic,5 Seater,1.983,1.780,2.923,784,0,1,1,1,1,0,0,1,0,0,0,1,1,1,1,1,1,1,0,1,0,1,1,0,1,1,0,0,1,1,0,1,0,1,0,0,1,0,0,1,0,1,1,1,0,0,0,1,0,1,1,1,0,0,1,1,1,0,1,1,1,1,1,1,0,1,1,1,1,Land Rover Range Rover Sport 2021 3.0L V6 HSE (360 PS),"462,415",SAR,ksa
0,0,0,0,0,0,0,0,0,0,0,0,0,0,0,0,0,0,0,0,0,0,0,0,0,0,0,0,0,1,0,0,0,0,0,0,0,0,0,0,0,0,0,0,0,0,0,0,0,0,0,0,0,0,0,0,0,0,0,0,0,0,0,0,0,0,0,0,0,0,0,0,0,0,0,0,0,0,0,0,0,0,0,0,0
6.2,8,Rear Wheel Drive,Petrol,495,630,Automatic,2 Seater,1.934,1.234,2.722,356,0,1,1,1,0,1,0,1,1,0,1,0,0,1,0,0,0,1,1,1,0,0,1,1,0,0,0,0,0,1,1,0,1,0,1,0,0,0,1,0,0,1,0,0,1,1,1,1,1,0,0,0,0,1,1,1,1,1,1,1,1,0,1,0,1,1,1,1,1,Chevrolet Corvette 2021 6.2L 2LT Convertible  ,"394,300",SAR,ksa
2.0,4,Front Wheel Drive,Petrol,221,345,Manual,7 Seater,1.980,1.928,3.198,,0,1,1,1,1,0,0,1,0,0,0,1,0,1,1,0,0,1,0,1,0,1,1,0,1,1,1,1,1,1,0,1,0,1,0,0,0,0,0,1,0,0,1,1,0,0,0,1,0,0,0,1,0,0,1,1,1,0,1,1,1,0,1,1,0,1,1,1,1,Maxus G10 7-Seater 2021 7 Seat MPV (Elite),TBD,SAR,ksa
1.4,4,Front Wheel Drive,Petrol,150,250,Automatic,5 Seater,1.842,1.427,2.820,480,0,1,1,1,1,0,0,1,0,0,0,0,0,1,1,0,0,1,0,0,0,1,0,0,1,1,0,0,1,1,0,1,0,1,0,0,1,0,0,1,0,0,1,0,0,0,0,1,0,0,1,1,0,0,1,1,1,0,1,1,1,1,0,0,0,1,1,1,1,Audi A4 2021 30 TFSI Sport (150 HP),"216,700",SAR,ksa
2.0,4,Rear Wheel Drive,Petrol,245,370,Automatic,2 Seater,1.810,1.301,2.430,335,0,1,1,1,1,0,0,1,0,0,0,1,0,1,0,0,0,1,0,1,0,1,1,0,0,1,0,0,1,1,0,1,0,1,0,0,1,0,1,1,0,1,1,0,0,0,0,1,0,0,0,1,1,0,1,1,1,0,1,1,1,1,0,1,0,1,1,1,1,Mercedes-Benz SLC 2021 300,"236,500",SAR,ksa
1.4,4,Front Wheel Drive,Petrol,147,250,Automatic,5 Seater,1.877,1.675,2.685,500,0,1,1,1,1,0,0,1,0,0,0,1,0,1,1,0,0,1,0,1,0,1,1,0,1,1,1,1,1,1,0,1,0,1,0,0,1,0,0,1,0,0,1,0,0,0,0,1,0,1,1,1,0,0,1,1,1,0,1,1,1,0,1,1,0,1,1,1,1,Borgward BX5 2021 1.4T Comfort ,"87,706",SAR,ksa
2.5,4,Front Wheel Drive,Petrol,204,243,Automatic,5 Seater,1.840,1.445,2.824,493,0,1,1,1,1,1,1,1,1,0,1,1,0,1,1,0,0,1,1,0,0,1,0,1,1,1,1,0,0,1,0,1,1,1,1,1,1,1,1,1,0,0,1,0,0,1,1,0,1,1,1,0,1,1,0,1,1,1,1,1,0,0,0,1,1,1,1,1,1,Toyota Camry 2021 2.5L LE STD (204 HP),"97,635",SAR,ksa
1.0,3,Front Wheel Drive,Petrol,120,172,Automatic,5 Seater,3.995,1.790,1.647,2.500,392,1,1,1,1,1,0,1,1,0,1,1,0,0,0,0,0,0,1,0,0,0,0,0,0,1,0,1,0,1,0,1,1,1,1,0,0,1,1,1,0,0,1,1,0,1,1,1,1,1,1,1,0,1,0,1,0,1,0,1,1,0,0,1,1,1,1,1,1,Kia Sonet 2021 1.0T GDI A/T,TBD,SAR,ksa
3.0,6,Rear Wheel Drive,Petrol,430,580,Automatic,5 Seater,2.100,1.461,2.998,500,0,1,1,0,1,0,0,1,0,0,0,1,0,0,1,0,0,1,0,0,0,1,1,0,1,1,0,1,1,1,0,1,0,1,0,0,1,0,0,1,0,1,1,0,0,0,0,1,0,0,1,1,0,0,1,1,1,0,1,1,1,1,1,1,0,1,1,1,1,Maserati Ghibli 2021 3.0T V6 S,"430,000",SAR,ksa
5.7,8,All Wheel Drive,Petrol,362,530,Automatic,8 Seater,1.980,1.910,2.850,259,0,1,1,1,1,1,1,1,1,0,1,1,1,1,1,1,1,1,1,1,1,1,1,0,1,1,1,1,1,1,0,1,1,1,1,1,1,1,1,1,0,0,1,1,1,1,1,1,1,1,1,1,1,1,1,1,1,1,1,1,1,1,1,1,1,1,1,1,1,Lexus LX 2021 570 Signature Black Edition ,"511,865",SAR,ksa
1.5,4,Front Wheel Drive,Petrol,152,235,Automatic,5 Seater,1.852,1.708,2.650,500,0,1,1,1,1,0,0,1,0,0,0,1,0,1,1,0,0,1,0,1,0,1,0,0,1,1,1,1,1,1,0,1,0,1,0,0,0,0,0,1,0,0,1,1,0,0,0,1,0,0,1,1,0,0,1,1,1,0,1,1,1,0,1,1,0,1,1,1,1,GAC GS4 2021 1.5T GS,"64,400",SAR,ksa
3.6,6,All Wheel Drive,Petrol,410,500,Automatic,5 Seater,1.852,1.501,2.837,510,0,1,1,1,1,1,0,1,0,0,0,1,0,1,1,1,0,1,0,1,1,1,1,0,1,1,1,0,1,1,0,1,0,1,0,0,1,0,0,1,0,1,1,1,0,0,0,1,0,0,1,1,0,0,1,1,1,0,1,1,1,1,1,1,0,1,1,1,1,Cadillac XTS 2021 3.6L V-Sport Platinum,DISCONTINUED,SAR,ksa
3.0,6,All Wheel Drive,Petrol,337,445,Automatic,5 Seater,1.989,1.778,3.008,,0,1,1,1,1,1,0,1,1,0,1,1,1,1,1,0,0,1,1,1,0,1,1,1,0,1,1,1,1,1,0,1,1,1,1,1,0,1,1,1,0,1,0,1,1,1,1,1,1,1,1,1,1,1,0,1,0,1,1,1,0,1,1,1,1,1,1,1,1,Hongqi HS7 2021 3.0T Luxury (AWD),"261,000",SAR,ksa
1.6,4,Front Wheel Drive,Petrol,130,157,Automatic,5 Seater,1.780,1.450,2.700,482,0,1,1,1,1,0,0,1,0,0,0,1,0,1,1,0,0,1,0,1,0,1,0,0,1,1,1,1,1,1,0,1,0,1,0,0,1,1,0,1,0,0,1,1,0,0,0,1,0,0,1,1,0,0,1,1,1,0,1,1,1,0,0,1,0,1,1,1,1,Kia Cerato Hatchback 2021 1.6L Top,"90,734",SAR,ksa
0,0,0,0,0,0,0,0,0,0,0,0,0,0,0,0,0,0,0,0,0,0,0,0,0,0,0,0,0,1,0,0,0,0,0,0,0,0,0,0,0,0,0,0,0,0,0,0,0,0,0,0,0,0,0,0,0,0,0,0,0,0,0,0,0,0,0,0,0,0,0,0,0,0,0,0,0,0,0,0,0,0,0,0,0
3.0,6,Rear Wheel Drive,Petrol,450,530,Automatic,4 Seater,1.852,1.300,2.450,132,0,1,1,1,1,0,0,1,0,0,0,0,0,1,1,0,0,0,0,0,0,0,1,0,0,1,0,0,1,1,0,1,0,1,0,0,1,0,0,1,0,1,1,0,0,0,0,1,0,0,0,1,0,0,1,1,1,0,1,1,1,0,1,1,0,1,1,1,1,Porsche 911 2021 Carrera S,"540,331",SAR,ksa
2.0,4,Rear Wheel Drive,Petrol,240,350,Automatic,5 Seater,4.756 ,1.815 ,1.423 ,2.775 ,303,1,1,1,1,0,0,1,0,0,0,0,0,1,1,0,0,1,0,1,0,1,0,1,0,1,1,1,1,0,0,1,0,1,0,0,0,0,0,1,0,1,0,1,0,0,1,1,0,0,1,1,0,0,1,1,1,0,1,1,1,0,0,1,0,1,1,1,1,Cadillac CT4 2021 2.0T Luxury ,"153,400",SAR,ksa
3.0,6,All Wheel Drive,Petrol,340,500,Automatic,5 Seater,1.945,1.473,2.998,505,0,1,1,1,1,1,0,1,0,0,0,1,0,1,1,1,0,1,0,1,1,1,1,0,1,1,0,0,1,1,1,1,0,1,0,0,1,0,1,1,0,1,1,1,0,1,1,1,0,1,1,1,0,1,1,1,1,0,1,1,1,1,1,1,1,1,1,1,1,Audi A8 2021 55 TFSI quattro Full Option (340 HP),"519,200",SAR,ksa
2.2,4,Front Wheel Drive,Diesel,125,350,Manual,3 Seater,4.972,2.272,2.020,2.933,6000,0,0,0,0,0,0,0,0,0,0,0,0,1,0,0,0,0,0,0,0,0,0,0,0,0,0,0,0,0,0,0,0,0,0,0,0,0,0,0,0,0,0,0,0,0,0,0,0,0,0,0,0,0,0,0,0,0,0,0,0,0,0,0,0,1,1,1,1,Ford Transit 2021 2.2L Custom 330L M/T,"127,600",SAR,ksa
5.0,N/A,All Wheel Drive,Petrol,360,515,Automatic,5 Seater,2.463,1.948,3.670,1568,0,1,1,1,0,0,0,1,0,0,0,1,0,0,1,0,0,0,0,0,0,1,0,0,0,1,0,0,0,0,0,1,0,1,0,0,1,0,0,0,0,0,1,0,0,0,0,0,0,0,1,1,0,0,0,1,0,0,1,1,0,0,0,0,0,1,1,1,1,Ford F-150 2021 5.0L V8 Crew Cab Lariat (Luxury+Chrome Pack),"262,350",SAR,ksa
1.6,4,Front Wheel Drive,Petrol,163,240,Automatic,5 Seater,1.863,1.472,2.610,420,0,1,1,1,1,0,0,1,0,0,0,1,0,1,1,0,0,1,0,1,0,1,1,0,1,1,0,1,1,1,1,1,0,1,0,0,0,0,0,1,0,1,1,1,0,0,1,1,0,0,1,1,0,0,1,1,1,0,1,1,1,0,1,1,0,1,1,1,1,Peugeot 308 2021 1.6L GT Line,TBD,SAR,ksa
2.0,4,Front Wheel Drive,Petrol,190,320,Automatic,4 Seater,1.846,1.371,2.764,465,0,1,1,1,1,0,0,1,0,0,0,1,0,1,1,0,0,1,0,1,0,1,1,0,0,1,0,0,1,1,0,1,0,1,0,0,1,0,0,1,0,0,1,0,0,0,0,1,0,0,0,1,0,0,1,1,1,0,1,1,1,1,0,1,0,1,1,1,1,Audi A5 Coupe 2021 40 TFSI Sport (190 HP),"273,900",SAR,ksa
0,0,0,0,0,0,0,0,0,0,0,0,0,0,0,0,0,0,0,0,0,0,0,0,0,0,0,0,0,1,0,0,0,0,0,0,0,0,0,0,0,0,0,0,0,0,0,0,0,0,0,0,0,0,0,0,0,0,0,0,0,0,0,0,0,0,0,0,0,0,0,0,0,0,0,0,0,0,0,0,0,0,0,0,0
3.6,6,All Wheel Drive,Petrol,285,353,Automatic,5 Seater,1.877,1.842,2.423,362,0,1,1,1,1,0,1,1,0,0,0,1,1,1,1,0,1,1,0,1,0,1,1,0,1,1,0,1,1,1,0,1,0,1,0,0,0,0,0,1,0,0,1,1,0,0,0,1,0,0,1,1,0,0,1,1,1,0,1,1,1,0,1,1,0,1,1,1,1,Jeep Wrangler Unlimited 2021 3.6L V6 Rubicon,"227,789",SAR,ksa
2.5,4,Front Wheel Drive,Petrol,191,245,Automatic,5 Seater,4.900,1.859,1.445,2.840,453,1,1,0,0,0,0,0,0,0,0,0,0,1,1,0,0,1,0,0,0,0,1,0,0,1,0,0,0,1,0,0,0,1,0,0,1,0,0,0,0,0,1,1,0,0,0,0,0,0,0,1,0,0,1,0,0,0,0,0,1,0,1,0,0,1,1,1,1,Hyundai Sonata 2021 2.5L GDI 8AT Base,"87,000",SAR,ksa
3.8,6,All Wheel Drive,Petrol,295,355,Automatic,8 Seater,1.975,1.750,2.900,,0,1,1,1,1,0,0,1,0,0,0,0,0,1,0,0,1,1,0,0,1,1,0,0,1,1,0,1,1,1,0,1,0,1,0,0,1,0,0,1,0,0,1,1,0,0,1,1,0,1,1,1,0,0,1,0,1,0,0,0,1,0,1,1,0,1,1,1,1,Hyundai Palisade 2021 3.8L GDi (AWD) Premium - Nappa,"200,200",SAR,ksa
2.4,4,Rear Wheel Drive,Petrol,136,200,Manual,2 Seater,1.800,1.715,3.105,,0,0,0,0,0,0,0,0,0,0,0,0,0,0,0,0,0,0,0,0,0,0,0,0,0,1,0,0,0,0,0,1,0,1,0,0,0,0,0,0,0,0,0,0,0,0,0,0,0,0,0,0,0,0,0,0,0,0,1,0,0,0,0,0,0,1,1,1,1,Foton Tunland 2021 2.4L Single Cabin (4X2) ,"46,200",SAR,ksa
1.6,4,Front Wheel Drive,Petrol,110,155,Automatic,5 Seater,1.814,1.461,2.686,568,0,1,1,0,1,0,0,1,0,0,0,0,0,1,1,0,0,1,0,0,0,0,0,0,1,1,0,0,0,1,0,1,0,1,0,0,0,0,0,0,0,0,1,0,0,0,0,0,0,0,1,0,0,0,1,1,1,0,1,1,0,0,0,0,0,1,1,1,1,Skoda Octavia A8 2021 Active 1.6,"70,455",SAR,ksa
2.0,4,All Wheel Drive,Petrol,180,320,Automatic,5 Seater,1.839,1.646,2.681,810,0,1,1,1,1,1,0,1,1,0,1,1,1,1,1,0,0,1,1,1,0,1,1,0,1,1,1,1,1,1,1,1,1,1,1,1,1,1,1,1,1,0,1,1,1,1,1,1,1,1,1,1,0,1,1,1,1,1,1,1,0,1,1,1,1,1,1,1,1,Volkswagen Tiguan 2021 2.0 TSI Life,"115,953",SAR,ksa
0,0,0,0,0,0,0,0,0,0,0,0,0,0,0,0,0,0,0,0,0,0,0,0,0,0,0,0,0,1,0,0,0,0,0,0,0,0,0,0,0,0,0,0,0,0,0,0,0,0,0,0,0,0,0,0,0,0,0,0,0,0,0,0,0,0,0,0,0,0,0,0,0,0,0,0,0,0,0,0,0,0,0,0,0
3.6,6,All Wheel Drive,Petrol,310,361,Automatic,8 Seater,1.996,1.795,3.071,651,0,1,1,1,1,0,0,1,0,0,0,1,0,1,1,0,0,1,0,1,1,1,1,0,1,1,1,1,1,1,0,1,0,1,0,0,1,0,1,1,0,0,1,1,0,0,0,1,0,1,1,1,0,0,1,1,1,0,1,1,1,0,1,1,0,1,1,1,1,Chevrolet Traverse 2021 3.6L High Country (AWD),"214,500",SAR,ksa
1.6,4,Front Wheel Drive,Petrol,121,154,CVT,5 Seater,1.780,1.435,2.700,368,0,1,1,1,0,0,0,1,0,0,0,1,0,1,0,0,0,1,0,1,0,0,0,0,1,1,0,0,0,1,0,1,0,1,0,0,0,0,0,0,0,0,1,0,0,0,0,0,0,0,1,0,0,0,0,1,1,0,0,1,0,0,0,1,0,1,1,1,1,Toyota Corolla 2021 1.6L XLI,"74,572",SAR,ksa
3.8,6,All Wheel Drive,Petrol,600,652,Automatic,4 Seater,1.895,1.370,2.780,249,0,1,1,1,1,0,0,1,0,1,0,1,0,1,0,0,0,1,0,1,0,1,1,0,0,1,0,0,1,1,0,1,0,1,0,0,1,0,0,1,0,0,1,1,0,0,0,1,0,0,0,1,0,1,1,1,1,0,1,1,1,0,1,1,0,1,1,1,1,Nissan GT-R 2021 Track Edition,TBD,SAR,ksa
0,0,0,0,0,0,0,0,0,0,0,0,0,0,0,0,0,0,0,0,0,0,0,0,0,0,0,0,0,1,0,0,0,0,0,0,0,0,0,0,0,0,0,0,0,0,0,0,0,0,0,0,0,0,0,0,0,0,0,0,0,0,0,0,0,0,0,0,0,0,0,0,0,0,0,0,0,0,0,0,0,0,0,0,0
2.0,4,Rear Wheel Drive,Petrol,252,380,Automatic,5 Seater,1.904,1.493,3.060,,0,1,1,1,1,1,0,1,1,0,1,1,0,1,1,1,0,0,1,1,1,1,0,1,1,1,1,1,1,1,1,1,1,1,1,1,0,1,1,1,1,1,1,1,0,1,1,1,1,1,1,1,1,1,1,1,1,1,1,1,0,0,1,1,1,1,1,1,1,Hongqi H9 2021 2.0T Luxury ,"256,200",SAR,ksa
0,0,0,0,0,0,0,0,0,0,0,0,0,0,0,0,0,1,0,0,1,0,1,0,0,0,0,0,0,0,1,0,0,0,0,0,0,0,0,0,0,1,0,0,1,0,1,0,0,0,1,0,0,0,0,0,0,1,0,0,1,0,0,0,0,1,0,0,0,1,0,0,0,0,0,0,1,0,0,0,0,0,0,0,0
2.0,4,Front Wheel Drive,Petrol,201,320,Automatic,5 Seater,4.657,1.886,1.724,2.680,800,1,1,1,1,1,1,1,1,1,1,1,0,1,1,1,1,1,1,1,0,1,1,1,0,1,1,1,1,1,1,1,1,1,1,1,1,1,1,1,1,1,1,1,1,1,1,1,1,1,1,1,1,1,1,1,1,1,1,1,1,1,0,1,1,1,1,1,1,Haval H6 2022 2.0T Basic,"82,789",SAR,ksa
3.6,6,Front Wheel Drive,Petrol,305,356,Automatic,5 Seater,1.854,1.496,2.837,532,0,1,1,1,1,1,0,1,0,0,0,1,0,1,1,1,0,1,0,1,0,1,0,0,1,1,1,1,1,1,0,1,0,1,0,0,1,1,1,1,0,1,1,1,0,0,0,0,0,0,1,1,0,0,1,1,1,0,1,1,1,0,1,1,0,1,1,1,1,Chevrolet Impala 2021 3.6L Premier,DISCONTINUED,SAR,ksa
2.0,4,Rear Wheel Drive,Petrol,258,400,Automatic,5 Seater,2.142,1.478,3.210,515,0,1,1,1,1,0,0,1,0,0,0,1,0,1,1,0,0,1,0,1,0,1,1,0,1,1,0,1,1,1,0,1,0,1,0,0,1,0,1,1,0,0,1,1,0,0,0,1,0,1,1,1,0,0,1,1,1,0,1,1,1,1,0,1,0,1,1,1,1,BMW 7 Series 2021 730Li,"407,000",SAR,ksa
1.6,4,Front Wheel Drive,Petrol,121,151,Automatic,5 Seater,1.780,1.665,2.590,402,0,1,1,1,1,0,0,1,0,0,0,1,0,1,1,0,0,1,0,1,0,1,1,0,1,1,0,1,1,1,0,1,0,1,0,0,0,0,0,1,0,0,1,1,0,0,0,0,0,0,1,1,0,0,1,1,1,0,1,1,1,0,1,1,0,1,1,1,1,Hyundai Creta 2021 1.6L Top,"87,450",SAR,ksa
5.2,N/A,Rear Wheel Drive,Petrol,580,540,Automatic,2 Seater,1.924,1.165,2.620,,0,0,1,0,0,1,0,0,1,0,1,0,0,0,0,0,0,1,1,0,0,0,1,0,0,0,0,0,1,1,0,1,1,1,1,0,0,0,1,0,0,0,1,0,1,1,0,0,1,0,0,1,0,1,0,0,0,1,0,0,0,0,0,0,1,1,1,1,1,Lamborghini Huracan 2021 LP 580-2 Spyder,"1,056,000",SAR,ksa
1.6,4,Front Wheel Drive,Petrol,118,149,Automatic,5 Seater,1.960,1.590,2.620,432,0,1,1,1,1,0,0,1,0,0,0,0,0,1,1,0,0,1,0,1,0,1,1,0,0,1,0,1,0,0,0,1,0,1,0,0,1,0,0,0,0,0,1,0,0,0,0,1,0,0,1,1,0,0,0,1,1,0,1,1,0,0,1,1,0,1,1,1,1,Nissan Kicks 2021 1.6 SV,"65,000",SAR,ksa
1.5,4,Front Wheel Drive,Petrol,112,150,CVT,5 Seater,4.601 ,1.818 ,1.489,2.680,512,1,1,1,0,1,1,1,1,1,1,1,0,1,1,0,0,1,1,1,1,0,0,1,1,1,0,0,1,1,0,1,1,0,1,0,1,0,1,0,0,0,1,0,0,1,1,0,1,1,1,1,0,1,1,1,1,1,0,1,1,0,0,1,1,1,1,1,1,MG 5 2021 1.5L LUX,"59,975",SAR,ksa
2.5,4,Front Wheel Drive,Petrol,170,200,Automatic,N A,1.835,1.472,2.803,450,0,1,0,1,0,0,0,1,0,0,0,0,0,1,0,0,0,1,0,1,0,0,0,1,0,0,0,0,0,0,0,1,0,0,0,0,0,0,0,0,0,0,0,0,0,0,1,0,0,0,0,1,0,0,0,1,0,0,0,1,0,0,0,0,0,1,1,1,1,Volkswagen Passat 2021  2.5L Highline,TBD,SAR,ksa
2.0,4,Rear Wheel Drive,Petrol,237,350,Automatic,5 Seater,4.924 ,1.883 ,1.452 ,2.947 ,337,1,1,1,1,0,0,1,0,0,0,1,0,1,1,1,0,1,0,1,0,1,1,1,1,1,0,1,0,0,0,1,0,0,0,0,0,0,0,1,0,1,1,0,0,0,1,1,0,0,1,1,0,0,0,1,1,1,1,1,1,0,0,1,0,1,1,1,1,Cadillac CT5 2021 2.0T Sport,"200,600",SAR,ksa
1.3,N/A,Front Wheel Drive,Petrol,163,250,Automatic,5 Seater,1.780,1.433,2.699,341,0,1,1,0,1,1,0,1,0,0,0,1,0,0,0,0,0,1,0,0,0,0,0,0,0,1,0,0,1,1,1,1,0,1,0,0,1,0,0,1,0,1,1,0,0,0,0,1,0,0,1,1,0,1,1,1,1,0,1,1,1,0,0,1,0,1,1,1,1,Mercedes-Benz A-Class 2021 A 200,"161,590",SAR,ksa
3.8,6,All Wheel Drive,Petrol,565,637,Automatic,4 Seater,1.895,1.370,2.780,249,0,1,1,1,1,0,0,1,0,0,0,1,0,1,1,0,0,1,0,0,0,1,1,0,0,1,0,0,1,1,0,1,0,1,0,0,1,0,0,1,0,0,1,0,0,0,0,1,0,1,0,1,0,0,1,1,1,0,1,1,1,0,1,1,0,1,1,1,1,Nissan GT-R 2021 Premium,"499,000",SAR,ksa
5.3,8,All Wheel Drive,Petrol,355,519,Automatic,9 Seater,2.045,1.890,3.302,2172,0,1,1,1,0,0,0,0,0,0,0,1,0,0,0,0,0,1,0,1,0,1,0,0,0,1,0,0,0,0,0,1,0,1,0,0,1,0,0,1,0,0,1,0,0,0,0,0,0,0,1,1,0,0,1,1,1,0,1,1,0,1,0,1,0,1,1,1,1,Chevrolet Suburban 2021 5.3L LS 4WD,TBD,SAR,ksa
6.2,8,All Wheel Drive,Petrol,702,882 ,Automatic,4 Seater,2.235 ,2.055 ,3.686 ,1526 ,0,1,1,1,1,1,1,1,1,0,1,1,1,1,0,0,1,1,1,1,0,1,1,1,1,1,0,0,1,1,0,1,1,1,1,1,1,1,1,1,0,0,1,0,1,1,0,1,1,1,1,1,0,1,1,1,1,1,1,1,1,1,1,1,1,1,1,1,1,RAM Rebel TRX Concept 2021 6.2L V8 (702 HP),TBD,SAR,ksa
2.4,4,Front Wheel Drive,Petrol,140,210,Manual,9 Seater,1.980,1.928,3.210,,0,1,1,1,1,0,0,1,0,0,0,0,0,1,1,0,0,1,0,0,0,0,0,0,0,1,0,1,0,1,0,1,0,1,0,0,0,0,0,0,0,0,1,1,0,0,0,0,0,0,0,0,0,0,0,1,0,0,1,1,0,0,0,0,0,1,1,1,1,Maxus G10 9-Seater 2021 9 Seat MPV (Standard),TBD,SAR,ksa
2.4,4,Rear Wheel Drive,Petrol,134,200,Manual,15 Seater,5.600,2.255,2.285,3.110,,1,0,0,0,0,0,0,0,0,0,0,0,0,0,0,0,0,0,0,0,0,0,0,0,1,0,0,0,1,0,1,0,0,0,0,0,0,0,0,0,0,1,0,0,0,0,0,0,0,0,0,0,0,0,1,0,0,0,0,0,0,0,0,0,1,1,1,1,Foton View 2021 CS2 Mini Bus,"87,000",SAR,ksa
4.0,N/A,All Wheel Drive,Petrol,601,900,Automatic,4 Seater,2.108,1.422,2.945,400,0,1,1,1,1,1,0,1,0,0,0,1,0,1,1,1,0,1,0,1,0,1,1,0,1,1,0,0,1,1,1,1,0,1,0,0,1,0,1,1,0,1,1,0,0,1,1,1,0,1,0,1,0,1,1,1,1,0,1,1,1,1,0,1,0,1,1,1,1,Mercedes-Benz S 63 AMG Coupe 2021 4.0L 4MATIC+,"758,986",SAR,ksa
2.0,4,Front Wheel Drive,Petrol,240,366,Automatic,5 Seater,2.177,1.541,2.868,569,0,1,1,1,1,1,0,1,1,0,1,1,0,0,1,0,0,0,1,0,0,1,1,0,0,1,0,0,0,1,0,1,1,1,1,1,1,1,1,0,0,1,1,0,1,1,0,1,1,1,1,1,0,1,0,1,1,1,1,1,0,0,1,1,1,1,1,1,1,Ford Taurus 2021 2.0L EcoBoost Trend ,"135,174",SAR,ksa
2.5,4,All Wheel Drive,Diesel,136,324,Manual,5 Seater,1.785,1.775,3.000,,0,1,1,0,1,0,0,1,0,0,0,0,0,0,0,0,0,0,0,0,0,1,0,0,1,1,0,0,0,1,0,1,0,1,0,0,0,1,0,0,0,0,1,1,0,0,0,0,0,0,1,1,0,0,0,0,0,0,0,0,0,0,0,0,0,1,1,1,1,Mitsubishi L200 2021 2.5L Double Cab GLS (4WD),"89,450",SAR,ksa
2.7,6,Front Wheel Drive,Petrol,335,515,Automatic,5 Seater,2.187,1.681,2.850,1053,0,1,0,0,1,0,0,1,0,0,0,0,0,1,1,1,0,1,0,1,1,1,1,0,1,1,1,1,1,1,1,1,0,1,0,0,1,0,0,1,0,0,1,1,0,0,1,1,0,0,1,1,0,0,1,0,1,0,1,0,1,0,1,1,0,1,1,1,1,Lincoln Nautilus 2021 2.7T V6 Reserve (335 Hp),"201,135",SAR,ksa
3.6,6,All Wheel Drive,Petrol,310,361,Automatic,8 Seater,1.996,1.795,3.071,651,0,1,1,1,1,0,0,1,0,0,0,1,0,1,1,0,0,1,0,1,1,1,1,0,1,1,1,1,1,1,0,1,0,1,0,0,1,0,1,1,0,0,1,1,0,0,0,1,0,1,1,1,0,0,1,1,1,0,1,1,1,0,1,1,0,1,1,1,1,Chevrolet Traverse 2021 3.6L LT Full Option (AWD),"170,580",SAR,ksa
1.6,4,Front Wheel Drive,Petrol,165,240,Automatic,5 Seater,1.841,1.615,2.675,520,0,1,1,1,1,0,0,1,0,0,0,1,0,1,1,0,0,1,0,0,0,1,0,0,0,1,0,0,0,1,0,1,0,1,0,0,0,0,0,1,0,0,1,1,0,0,0,1,0,0,1,1,0,0,1,1,1,0,1,1,0,0,1,1,0,1,1,1,1,Peugeot 3008 2021 1.6T Active,"90,000",SAR,ksa
2.0,4,All Wheel Drive,Petrol,381,475,Automatic,5 Seater,1.780,1.417,2.699,341,0,1,1,1,1,0,0,1,0,0,0,1,0,1,1,0,0,1,0,1,0,1,0,0,0,1,0,1,1,1,1,1,0,1,0,0,1,0,0,1,0,1,1,0,0,0,0,1,0,0,1,1,0,0,1,1,1,0,1,1,1,1,0,1,0,1,1,1,1,Mercedes-Benz A 45 AMG 2021 2.0T 4MATIC,"248,325",SAR,ksa
0,0,0,0,0,0,0,0,0,0,0,0,0,0,0,0,0,0,0,0,0,0,0,0,0,0,0,0,0,1,0,0,0,0,0,0,0,0,0,0,0,0,0,0,0,0,0,0,0,0,0,0,0,0,0,0,0,0,0,0,0,0,0,0,0,0,0,0,0,0,0,0,0,0,0,0,0,0,0,0,0,0,0,0,0
3.0,6,Rear Wheel Drive,Hybrid,671,720,Automatic,2 Seater,1.976,1.193,2.640,,0,1,1,1,1,1,1,1,1,0,1,1,0,1,0,1,0,1,1,0,1,1,1,0,0,1,0,0,1,1,0,1,1,1,1,0,0,0,1,0,0,1,0,1,0,1,1,1,1,0,0,1,0,1,1,0,1,1,1,1,1,0,0,1,1,1,1,1,1,McLaren Artura 2022 3.0T PHEV,"1,077,935",SAR,ksa
2.8,4,All Wheel Drive,Diesel,174,450,Automatic,5 Seater,1.815,1.815,3.090,900,0,1,1,0,1,0,0,1,0,0,0,1,0,0,0,0,0,1,0,1,0,1,0,0,0,1,0,0,0,1,0,1,0,1,0,0,0,0,0,1,0,0,1,1,0,1,1,0,0,0,0,1,0,0,1,1,0,0,1,1,1,0,0,1,0,1,1,1,1,Toyota Hilux 2021 2.8L GLX Single Cab (4x4),"118,335",SAR,ksa
0.0,"N/A, Electric",All Wheel Drive,Electric,402,664,Automatic,5 Seater,19.35,1.663,2.921,821,0,1,1,0,1,1,0,1,1,1,1,1,0,0,1,1,0,1,1,0,1,1,1,1,0,1,1,0,1,1,1,1,1,1,1,1,1,1,1,1,0,0,1,1,1,1,1,1,1,1,1,1,1,1,1,0,1,1,1,0,1,0,1,1,1,1,1,1,1,Audi e-tron Sportback 2021 55 (95 kWh) Quattro ,TBD,SAR,ksa
0,0,0,0,0,0,0,0,0,0,0,0,0,0,0,0,0,0,0,0,0,0,0,0,0,0,0,0,0,1,0,0,0,0,0,0,0,0,0,0,0,0,0,0,0,0,0,0,0,0,0,0,0,0,0,0,0,0,0,0,0,0,0,0,0,0,0,0,0,0,0,0,0,0,0,0,0,0,0,0,0,0,0,0,0
3.2,5,All Wheel Drive,Diesel,200,470,Automatic,5 Seater,1.976,1.816,3.221,1180,0,1,1,0,0,0,0,0,0,0,0,0,0,1,1,0,0,1,0,1,0,0,0,0,0,1,0,0,0,0,0,1,0,0,0,0,1,1,0,0,0,0,0,0,0,0,0,0,0,0,1,1,0,0,1,1,1,0,1,1,1,1,0,0,0,1,1,1,1,Ford Ranger 2021 3.2L Wild Trak 4X4,"194,535",SAR,ksa
3.0,6,Rear Wheel Drive,Petrol,367,500,Automatic,4 Seater,1.890,1.435,2.939,520,0,1,1,1,1,1,0,1,0,0,0,1,0,1,1,0,0,1,0,1,0,1,1,0,1,1,1,0,1,1,0,1,0,1,0,0,1,0,1,1,0,0,1,0,0,1,1,1,0,1,1,1,0,0,1,1,1,0,1,1,1,1,0,1,0,1,1,1,1,Mercedes-Benz CLS-Class 2021 CLS 450 4MATIC,"436,700",SAR,ksa
1.2,3,Front Wheel Drive,Petrol,78,106,CVT,N A,1.665,1.510,2.450,209,0,1,0,1,0,0,0,1,0,0,0,0,0,1,0,0,0,1,0,0,0,0,1,1,0,1,0,1,0,0,0,1,0,0,0,0,0,0,0,0,0,0,1,0,0,0,0,0,0,0,0,0,0,0,0,1,1,0,0,1,0,0,0,0,0,1,1,1,1,Mitsubishi Spacestar 2021 1.2L GLS LL,"37,400",SAR,ksa
5.6,8,All Wheel Drive,Petrol,428,560,Automatic,8 Seater,2.030,1.925,3.075,470,0,1,1,1,1,0,0,1,0,0,0,1,0,1,1,0,1,1,0,1,1,1,1,0,1,1,1,1,1,1,0,1,0,1,0,0,1,1,1,1,0,1,1,1,0,1,1,1,0,1,1,1,0,0,1,1,1,0,1,1,1,1,1,1,0,1,1,1,1,Infiniti QX80 2021 5.6L Limited Edition ,"396,586",SAR,ksa
0.0,"N/A, Electric",Front Wheel Drive,Electric,153,340,Automatic,5 Seater,1.874,1.613,2.750,,0,1,1,1,1,0,0,1,0,0,0,1,0,1,1,0,0,1,0,1,0,0,1,0,0,1,1,1,1,1,1,1,0,1,0,0,1,0,0,1,0,0,1,0,0,0,1,1,0,0,1,1,0,0,1,0,1,0,0,0,0,0,0,0,0,1,1,1,1,Hongqi E-HS3 2021 EV 153 hp (FWD),TBD,SAR,ksa
0,0,0,0,0,0,0,0,0,0,0,0,0,0,0,0,0,0,0,0,0,0,0,0,0,0,0,0,0,1,0,0,0,0,0,0,0,0,0,0,0,0,0,0,0,0,0,0,0,0,0,0,0,0,0,0,0,0,0,0,0,0,0,0,0,0,0,0,0,0,0,0,0,0,0,0,0,0,0,0,0,0,0,0,0
2.0,4,All Wheel Drive,Petrol,252,352,Automatic,5 Seater,1.839,1.661,2.725,838,0,1,1,1,1,1,0,1,0,0,0,1,1,1,1,1,1,1,0,1,1,1,1,0,1,1,0,1,1,1,1,1,0,1,0,0,1,0,0,1,0,1,1,1,0,0,1,1,0,1,1,1,0,0,1,1,1,0,1,1,1,0,1,1,0,1,1,1,1,GMC Terrain Denali 2021 2.0T (AWD),"153,801",SAR,ksa
2.0,4,Front Wheel Drive,Petrol,150,180,Automatic,5 Seater,1.801,1.565,2.600,544,0,1,1,0,0,0,0,0,0,0,0,0,0,1,1,0,0,0,0,0,0,1,1,0,0,1,0,0,0,0,0,0,0,0,0,0,0,0,0,0,0,0,1,0,0,0,0,0,0,0,0,0,0,0,0,0,0,0,1,0,0,0,0,0,0,1,1,1,1,Hyundai Kona 2021 2.0L GLS Premium Sunroof,"95,700",SAR,ksa
3.9,8,Rear Wheel Drive,Petrol,610,760,Automatic,4 Seater,1.980,1.383,2.990,450,0,1,1,1,1,0,0,1,0,0,0,1,0,1,0,0,0,1,0,1,0,1,1,1,0,1,0,0,1,1,0,1,0,1,0,0,1,0,0,1,0,0,1,1,0,0,1,1,0,0,0,1,0,1,1,1,1,0,1,1,1,0,1,1,0,1,1,1,1,Ferrari GTC4Lusso 2021 3.9T V8,DISCONTINUED,SAR,ksa
0,0,0,0,0,0,0,0,0,0,0,0,0,0,0,0,0,0,0,0,0,0,0,0,0,0,0,0,0,1,0,0,0,0,0,0,0,0,0,0,0,0,0,0,0,0,0,0,0,0,0,0,0,0,0,0,0,0,0,0,0,0,0,0,0,0,0,0,0,0,0,0,0,0,0,0,0,0,0,0,0,0,0,0,0
2.0,4,All Wheel Drive,Petrol,150,196,Automatic,5 Seater,1.775,1.455,2.670,460,0,1,1,1,1,0,0,1,0,0,0,0,0,1,1,0,0,1,0,1,0,0,0,0,1,1,1,0,0,1,0,1,0,1,0,0,0,0,0,1,0,0,1,1,0,0,0,0,0,0,1,1,0,0,1,1,0,0,1,1,1,0,0,1,0,1,1,1,1,Subaru Impreza 2021 2.0i-S (with Sunroof),TBD,SAR,ksa
1.5,4,All Wheel Drive,Petrol,163,280,Automatic,5 Seater,1.870,1.629,2.675,551,0,1,1,1,1,0,0,1,0,0,0,1,0,1,1,0,0,1,0,0,0,1,0,0,0,1,0,1,0,1,0,1,0,1,0,0,0,0,0,0,0,0,1,1,0,0,0,0,0,0,1,1,0,0,0,1,1,0,1,1,0,0,0,1,0,1,1,1,1,SsangYong Korando 2021 1.5T GDI Limited (AWD),"90,000",SAR,ksa
4.0,6,Rear Wheel Drive,Petrol,420,420,Manual,2 Seater,1.801,1.258,2.484,150,0,1,1,1,1,1,0,1,1,0,1,1,0,1,0,0,0,1,1,1,0,1,1,1,0,1,0,0,1,1,1,1,1,1,1,1,1,1,1,1,0,1,1,1,1,1,1,1,1,1,0,1,0,1,1,1,1,1,1,1,1,1,1,1,1,1,1,1,1,Porsche 718 2021 Spider ,"419,323",SAR,ksa
4.0,6,All Wheel Drive,Petrol,228,360,Manual,3 Seater,1.870,1.955,2.310,,0,1,1,0,0,0,1,0,1,0,0,0,0,0,0,0,0,0,0,0,0,1,0,0,0,1,0,0,0,0,0,1,0,1,0,0,0,0,0,1,0,0,1,1,0,0,0,0,0,0,0,0,0,0,0,1,0,0,1,1,0,0,0,1,0,1,1,1,1,Toyota Land Cruiser Pick Up 2021 4.0L DLX (M/T),"140,990",SAR,ksa
3.6,6,Rear Wheel Drive,Petrol,335,386,Automatic,4 Seater,1.842,1.392,2.776,295,0,1,1,1,1,1,0,1,0,0,0,1,0,1,1,1,0,1,0,1,0,1,1,0,0,1,1,0,1,1,0,1,0,1,0,0,1,0,1,1,0,1,1,1,0,1,0,1,0,0,0,1,0,0,1,1,1,0,1,1,1,1,1,1,0,1,1,1,1,Cadillac ATS Coupe 2021 3.6L Premium Luxury,DISCONTINUED,SAR,ksa
2.5,4,Front Wheel Drive,Diesel,136,330,Manual,18 Seater,1.998,2.552,3.100,,0,1,1,1,1,0,0,1,0,0,0,0,0,1,0,0,0,0,0,0,0,1,0,0,0,1,0,0,0,1,0,1,0,1,0,0,0,0,0,1,0,0,1,1,0,0,0,0,0,0,0,0,0,0,0,0,0,0,1,1,0,0,0,0,0,1,1,1,1,Maxus V80 18-Seater 2021 2.5L Passenger Van (M/T),TBD,SAR,ksa
3.9,8,Rear Wheel Drive,Petrol,710,770,Automatic,2 Seater,1.979 ,1.206 ,2.650 ,200,0,1,1,1,1,0,0,1,0,0,0,0,0,1,0,0,0,0,0,1,0,1,0,0,0,1,0,0,1,0,0,1,0,1,0,0,0,0,0,1,0,1,1,0,0,0,1,1,0,0,0,1,0,0,1,1,1,0,1,1,1,0,0,0,0,1,1,1,1,Ferrari F8 Spider 2021 3.9T V8,"1,200,000",SAR,ksa
2.2,4,All Wheel Drive,Diesel,118,285,Manual,5 Seater,1.811,1.719,3.197,1180,0,1,1,0,0,0,0,0,0,0,0,0,0,0,1,0,0,0,0,0,0,0,0,0,0,1,0,0,0,0,0,1,0,0,0,0,0,0,0,0,0,0,0,0,0,0,0,0,0,0,0,0,0,0,0,0,0,0,0,0,0,0,0,0,0,1,1,1,1,Ford Ranger 2021 2.2L Double Cab (Base) Hi-Rider 4X4 M/T,"194,535",SAR,ksa
1.4,4,Front Wheel Drive,Petrol,100,133,Automatic,5 Seater,1.725,1.460,2.580,492,0,1,1,0,1,0,0,1,0,0,0,0,0,0,1,0,0,0,0,0,0,1,0,0,0,1,0,1,0,1,0,1,0,0,0,0,0,0,0,0,0,0,1,0,0,0,0,0,0,0,1,0,0,0,0,1,0,0,1,1,0,0,0,1,0,1,1,1,1,Kia Rio Hatchback 2021 1.4L MPI,"54,890",SAR,ksa
1.5,4,Front Wheel Drive,Petrol,156,210,Automatic,7 Seater,1.900,1.695,2.745,,0,1,1,1,1,1,0,1,1,1,1,1,0,1,1,0,0,1,1,1,0,1,1,1,0,1,0,1,1,1,0,1,1,1,1,1,0,1,1,1,0,0,0,0,1,1,1,1,1,1,0,1,0,1,1,1,1,1,1,1,1,0,0,1,1,1,1,1,1,Jetour X70 2021 1.5T Comfort,"79,990",SAR,ksa
1.9,4,Front Wheel Drive,Diesel,150,350,Manual,5 Seater,5.330,1.930,1.835,3.180,,1,1,1,0,1,0,1,1,0,1,0,0,1,0,0,0,0,1,1,0,1,0,0,0,0,0,0,0,1,0,1,1,1,1,0,0,0,1,0,0,0,0,1,0,1,1,1,1,0,0,1,0,1,0,0,1,1,0,1,0,0,0,1,1,1,1,1,1,Changan Hunter 2022 1.9T Omega (2WD),"65,435",SAR,ksa
3.8,6,All Wheel Drive,Petrol,270,362,Automatic,7 Seater,1.915,1.810,2.895,331,0,1,1,1,1,0,0,1,0,0,0,1,0,1,1,0,0,1,0,0,0,1,0,0,0,1,0,1,0,1,0,1,0,1,0,0,0,0,0,0,0,0,1,0,0,0,0,0,0,0,1,1,0,0,0,1,0,0,1,1,0,0,0,1,0,1,1,1,1,Kia Mohave 2021 3.8L Base,"136,175",SAR,ksa
3.5,6,All Wheel Drive,Petrol,380,530 ,Automatic,5 Seater,4.715 ,1.910 ,1.630 ,2.875 ,,1,1,0,1,1,0,1,1,1,1,0,0,0,0,1,0,0,1,0,0,0,1,1,0,0,1,0,0,1,1,0,1,0,1,0,0,1,1,1,1,0,0,0,1,1,0,0,1,0,0,0,1,1,0,0,0,1,0,0,0,0,0,0,1,1,1,1,1,Genesis GV70 2021 3.5T Royal (AWD),"330,550",SAR,ksa
1.5,4,Front Wheel Drive,Petrol,145,210,CVT,5 Seater,,,,,,1,1,1,0,1,0,1,1,0,1,1,0,1,1,0,0,1,1,1,0,1,0,0,0,1,0,1,0,1,0,1,1,1,1,1,0,1,1,0,0,0,0,1,0,1,1,1,1,1,1,1,0,1,0,0,1,1,0,0,0,0,0,1,1,1,1,1,1,Chery Tiggo4 Pro 2021 1.5T Flagship,"70,265",SAR,ksa
2.0,4,Front Wheel Drive,Petrol,224,300,Automatic,7 Seater,1.911,1.690,2.760,545,0,1,1,1,1,0,0,1,0,0,0,1,0,1,1,0,0,1,0,1,0,1,1,0,1,1,0,1,1,1,0,1,0,1,0,0,0,0,0,0,0,1,1,0,0,0,0,1,0,0,1,1,0,0,1,1,1,0,1,1,1,0,1,1,0,1,1,1,1,Borgward BX7 2021 2.0T Elite FWD (7-Seater),"133,282",SAR,ksa
2.0,4,Rear Wheel Drive,Petrol,184,300,Automatic,5 Seater,1.827,1.442,2.851,480,0,1,1,1,1,0,0,1,0,0,0,1,0,1,1,0,0,1,0,1,0,1,1,0,1,1,1,0,0,1,0,1,0,1,0,0,1,0,1,1,0,1,1,1,0,0,0,1,0,0,1,1,0,0,1,1,1,0,1,1,1,1,0,1,0,1,1,1,1,BMW 3 Series 2021 320i ,"222,200",SAR,ksa
1.3,4,Front Wheel Drive,Petrol,202,137,Automatic,5 Seater,4.350,1.825,1.680,2.560,370,1,1,0,0,1,1,1,1,0,1,0,0,0,1,0,0,1,1,0,1,1,1,0,1,1,0,1,0,1,0,0,1,0,1,1,1,1,1,0,0,0,0,1,1,1,0,0,1,0,1,1,0,1,1,0,1,1,1,0,0,0,1,0,1,1,1,1,1,GAC GS3 2021 1.3T GE,"65,515",SAR,ksa
2.5,4,Front Wheel Drive,Petrol,185,250,Automatic,5 Seater,1.840,1.450,2.830,419,0,1,1,1,1,0,0,1,0,0,0,1,0,1,1,0,0,1,0,0,0,0,1,0,1,1,0,1,0,1,0,1,0,1,0,0,0,0,0,0,0,0,1,0,0,0,0,0,0,0,1,1,0,0,0,1,1,0,1,1,1,0,0,1,0,1,1,1,1,Mazda 6 2021 2.5L S,"86,350",SAR,ksa
1.2,3,Front Wheel Drive,Petrol,78,106,CVT,N A,1.665,1.510,2.450,209,0,1,0,1,0,0,0,1,0,0,0,0,0,1,0,0,0,1,0,0,0,0,1,1,0,1,0,1,0,0,0,1,0,0,0,0,0,0,0,0,0,0,1,0,0,0,0,0,0,0,0,0,0,0,0,1,1,0,0,1,0,0,0,0,0,1,1,1,1,Mitsubishi Spacestar 2021 1.2L GLS HL,"40,453",SAR,ksa
2.0,4,Rear Wheel Drive,Petrol,252,350,Automatic,4 Seater,1.825,1.377,2.810,445,0,1,1,1,1,0,0,1,0,0,0,1,0,1,1,0,0,1,0,1,0,1,1,0,0,1,0,0,1,1,0,1,0,1,0,0,1,0,1,1,0,0,1,1,0,1,1,1,0,0,0,1,0,0,1,1,1,0,1,1,1,1,0,1,0,1,1,1,1,BMW 4 Series Coupe 2021 430i,"243,000",SAR,ksa
0.0,"N/A, Electric",Front Wheel Drive,Electric,148,350,Automatic,5 Seater,4.314,1.809,1.620,2.585,359,1,0,1,0,0,0,1,0,0,0,0,0,0,1,0,0,1,0,1,0,1,1,0,0,1,0,1,1,0,1,0,0,1,0,0,1,0,0,1,0,0,1,0,0,0,1,1,0,1,1,1,0,0,1,0,1,0,1,0,1,0,1,0,0,1,1,1,1,MG ZS EV 2021 Electric SUV,TBD,SAR,ksa
3.5,N/A,All Wheel Drive,Petrol,422,678,Automatic,5 Seater,2.459,1.994,3.409,1495,0,1,1,1,1,0,1,1,0,0,0,1,0,1,1,0,1,1,0,0,1,1,1,0,0,1,1,0,0,1,0,1,0,1,0,0,1,0,0,1,0,0,0,0,0,0,1,0,1,1,1,0,0,0,1,0,1,0,1,0,1,0,0,0,0,1,1,1,1,Ford F-150 Raptor 2021 3.5L EcoBoost Crew Cab (Luxury Range),"374,000",SAR,ksa
1.5,4,Front Wheel Drive,Petrol,198,260,Automatic,5 Seater,1.860,1.450,2.830,473,0,1,1,1,1,0,0,1,0,0,0,1,0,1,1,0,0,1,0,1,0,1,0,0,1,1,1,1,1,1,0,1,0,1,0,0,1,1,0,1,0,1,1,1,0,1,1,1,0,0,1,1,0,0,1,1,1,0,1,1,1,0,1,1,0,1,1,1,1,Honda Accord 2021 1.5T EXL,"139,035",SAR,ksa
2.9,6,All Wheel Drive,Hybrid,462,700,Automatic,4 Seater,1.937,1.428,3.100,500,0,1,1,1,1,0,0,1,0,0,0,1,0,1,1,1,0,1,0,1,0,1,1,0,1,1,1,0,1,1,0,1,0,1,0,0,1,0,0,1,0,0,1,1,0,0,1,1,0,1,1,1,0,0,1,1,1,0,1,1,1,1,1,1,0,1,1,1,1,Porsche Panamera 2021 4 E-Hybrid Executive,"593,450",SAR,ksa
1.2,4,Front Wheel Drive,Petrol,82,113,Automatic,5 Seater,1.735,1.495,2.450,265,0,1,1,1,1,0,0,1,0,0,0,0,0,1,1,0,0,0,0,0,0,1,0,0,0,1,0,1,0,1,0,1,0,1,0,0,0,0,0,0,0,0,0,1,0,0,0,0,0,0,1,0,0,0,0,1,1,0,1,1,0,0,0,1,0,1,1,1,1,Suzuki Swift 2021 1.2L GL,"66,344",SAR,ksa
4.6,N/A,All Wheel Drive,Petrol,292,438,Automatic,7 Seater,1.885,1.845,2.790,1833,0,1,1,1,1,1,1,1,1,0,1,1,1,1,1,1,0,1,1,1,0,1,1,0,1,1,1,0,1,1,0,1,1,1,1,1,1,1,1,1,0,0,1,0,1,1,0,1,1,1,1,1,1,1,1,1,1,1,1,1,1,1,1,1,1,1,1,1,1,Lexus GX 2021 460 Elegant Plus,"261,625",SAR,ksa
6.6,12,Rear Wheel Drive,Petrol,563,820,Automatic,4 Seater,1.947,1.502,3.112,283,0,1,1,1,1,1,0,1,0,0,0,1,0,1,1,1,0,1,0,1,0,1,1,0,1,1,0,0,1,1,0,1,0,1,1,0,1,0,1,1,0,1,1,1,0,0,1,1,0,1,0,1,1,0,1,1,1,0,1,1,1,1,1,1,0,1,1,1,1,Rolls Royce Dawn 2021 6.6L V12,"1,537,600",SAR,ksa
2.4,4,Front Wheel Drive,Petrol,176,226,Automatic,7 Seater,1.890,1.678,2.766,1036,0,1,1,1,1,0,0,1,0,0,0,1,0,1,1,0,0,1,0,0,0,1,1,0,1,1,0,1,0,1,0,1,0,1,0,0,0,0,0,1,0,0,1,1,0,0,1,1,0,0,1,1,0,0,1,1,1,0,1,1,1,0,1,1,0,1,1,1,1,Hyundai Santa Fe 2021 2.4L GL Panorama (FWD) ,"105,000",SAR,ksa
1.6,4,Front Wheel Drive,Petrol,107,150,Automatic,5 Seater,1.795,1.460,2.725,435,0,1,0,1,1,0,0,1,0,0,0,1,0,1,0,0,0,1,0,1,0,1,1,0,1,1,1,0,1,1,0,1,0,1,0,0,0,0,0,1,0,0,1,1,0,0,0,0,0,0,1,1,0,0,1,1,1,0,1,1,0,0,0,0,0,1,1,1,1,Bestune B50 2021 1.6L Elegant,"56,293",SAR,ksa
0,0,0,0,0,0,0,0,0,0,0,0,0,0,0,0,0,0,0,0,0,0,0,0,0,0,0,0,0,1,0,0,0,0,0,0,0,0,0,0,0,0,0,0,0,0,0,0,0,0,0,0,0,0,0,0,0,0,0,0,0,0,0,0,0,0,0,0,0,0,0,0,0,0,0,0,0,0,0,0,0,0,0,0,0
4.6,N/A,All Wheel Drive,Petrol,292,438,Automatic,7 Seater,1.885,1.845,2.790,1833,0,1,1,1,1,1,0,1,0,0,0,1,1,1,1,1,0,1,0,1,0,1,1,0,1,1,1,0,1,1,0,1,0,1,0,0,1,0,0,1,0,0,1,0,0,1,0,1,0,1,1,1,0,0,1,1,1,0,1,1,1,1,1,1,0,1,1,1,1,Lexus GX 2021 460 Sport,"289,685",SAR,ksa
1.2,4,Front Wheel Drive,Petrol,82,113,Automatic,5 Seater,1.735,1.515,2.450,378,0,1,1,0,1,0,0,1,0,0,0,0,0,1,0,0,0,1,0,0,0,1,0,0,1,1,0,0,0,1,0,1,0,1,0,0,0,0,0,0,0,0,1,0,0,0,0,0,0,0,1,1,0,0,1,1,1,0,1,1,1,0,0,1,0,1,1,1,1,Suzuki Dzire 2021 1.2L GLX,"46,345",SAR,ksa
2.9,6,All Wheel Drive,Petrol,450,600,Automatic,4 Seater,1.861,1.360,2.766,465,0,1,1,1,1,1,0,1,0,0,0,1,0,1,1,0,0,1,0,1,1,1,1,0,1,1,0,0,1,1,0,1,0,1,0,0,1,0,0,1,0,1,1,0,0,0,1,1,0,1,0,1,0,0,1,1,1,0,1,1,1,1,0,1,0,1,1,1,1,Audi RS5 Coupe 2021 2.9 TFSI quattro (450 HP),"482,900",SAR,ksa
1.5,4,Front Wheel Drive,Petrol,169,250,Automatic,5 Seater,1.855,1.719,2.700,595,0,1,1,1,1,0,0,1,0,0,0,1,0,1,0,0,0,1,0,1,0,1,0,0,0,1,0,1,0,1,0,1,0,1,0,0,0,0,0,1,0,0,1,1,0,0,0,0,0,0,1,1,0,0,0,1,1,0,1,1,0,0,1,1,0,1,1,1,1,MG RX5 2021 1.5T COM,"76,650",SAR,ksa
2.7,4,All Wheel Drive,Petrol,164,245,Automatic,5 Seater,1.815,1.815,3.090,900,0,1,0,0,1,0,0,1,0,0,0,1,0,0,0,0,0,1,0,1,0,1,0,0,0,0,0,0,0,1,0,1,0,1,0,0,0,0,0,1,0,0,1,1,0,1,1,0,0,0,0,1,0,0,1,1,0,0,1,1,1,0,0,1,0,1,1,1,1,Toyota Hilux 2021 2.7L S GLX Double Cab (4x4),"135,700",SAR,ksa
4.5,8,All Wheel Drive,Diesel,232,615,Automatic,8 Seater,1.980,1.930,2.850,455,0,1,1,1,1,0,1,1,0,0,0,1,0,1,0,0,0,1,0,1,0,1,1,0,1,1,1,1,0,1,0,1,0,1,0,0,0,0,0,1,0,0,1,1,0,1,1,0,0,0,1,1,0,0,1,1,1,1,1,1,1,0,1,1,0,1,1,1,1,Toyota Land Cruiser 2021 4.5L GXR3 Diesel,"277,566",SAR,ksa
3.6,6,Rear Wheel Drive,Petrol,295,353,Automatic,7 Seater,1.925,1.847,3.043,487,0,1,1,1,1,0,0,1,0,0,0,1,0,1,1,0,0,1,0,1,0,1,1,0,1,1,1,1,1,1,0,1,0,1,0,0,1,1,1,1,0,1,1,1,0,0,0,1,0,1,1,1,0,0,1,1,1,0,1,1,1,0,1,1,0,1,1,1,1,Dodge Durango 2021 3.6L GT(RWD),"169,785",SAR,ksa
5.3,8,Front Wheel Drive,Petrol,355,520,Automatic,7 Seater,5.720,2.057,1.943,3.414,,1,1,1,1,1,1,1,1,1,1,1,1,1,1,1,1,1,1,1,1,1,1,1,1,1,1,1,1,1,1,1,1,1,1,1,1,1,1,1,1,1,1,1,1,1,1,1,1,1,1,1,1,1,1,1,1,1,1,1,1,1,1,1,1,1,1,1,1,GMC Yukon XL 2021 5.3L V8 SLE (2WD),"225,485",SAR,ksa
2.0,4,All Wheel Drive,Petrol,246,365,Automatic,5 Seater,2.070,1.664,2.874,650,0,1,1,1,1,1,0,1,1,0,1,1,0,1,1,0,0,1,1,1,0,1,1,0,1,1,1,1,0,1,0,1,1,1,1,1,1,1,1,1,0,0,1,1,1,1,0,0,1,1,1,1,0,1,1,1,1,1,1,1,1,0,1,1,1,1,1,1,1,Jaguar F-Pace 2021 2.0T S (250 PS) ,"265,650",SAR,ksa
0,0,0,0,0,0,0,0,0,0,0,0,0,0,0,0,0,0,0,0,0,0,0,0,0,0,0,0,0,1,0,0,0,0,0,0,0,0,0,0,0,0,0,0,0,0,0,0,0,0,0,0,0,0,0,0,0,0,0,0,0,0,0,0,0,0,0,0,0,0,0,0,0,0,0,0,0,0,0,0,0,0,0,0,0
5.0,8,All Wheel Drive,Petrol,525,625,Automatic,5 Seater,2.073,1.802,2.923,780,0,1,1,1,1,0,0,1,0,0,0,1,1,1,1,1,1,1,0,1,0,1,1,0,1,1,0,1,1,1,1,1,0,1,0,0,1,0,0,1,0,1,1,1,0,0,0,1,0,1,1,1,0,0,1,1,1,0,1,1,1,1,1,1,0,1,1,1,1,Land Rover Range Rover Sport 2021 5.0L V8 HSE Dynamic (525 PS),"570,860",SAR,ksa
1.5,4,Front Wheel Drive,Petrol,113,145,Automatic,5 Seater,4.650,1.860,1.700,2.712,,1,1,1,0,1,0,1,1,0,1,0,0,1,1,1,0,1,1,1,0,1,0,0,0,1,1,0,0,1,0,1,1,1,1,0,0,0,1,0,0,0,0,1,0,1,1,1,1,0,1,1,0,1,0,0,1,1,0,0,0,0,0,1,1,1,1,1,1,BYD Song Pro 2021 1.5L Comfort ,"78,200",SAR,ksa
2.9,6,All Wheel Drive,Petrol,440,550,Automatic,5 Seater,1.983,1.696,2.895,770,0,1,1,1,1,0,0,1,0,0,0,1,0,1,1,0,1,1,0,1,0,1,1,0,1,1,0,0,1,1,1,1,0,1,0,0,1,0,0,1,0,1,1,1,0,0,0,1,0,1,1,1,0,0,1,1,0,0,1,1,1,1,1,1,0,1,1,1,1,Porsche Cayenne 2021 S,"441,220",SAR,ksa
3.0,6,Rear Wheel Drive,Petrol,450,550,Automatic,5 Seater,1.877,1.424,2.812,480,0,1,1,1,1,0,0,1,0,0,0,1,0,1,1,0,0,1,0,1,0,1,1,0,1,1,0,0,1,1,0,1,0,1,0,0,1,0,0,1,0,1,1,1,0,1,1,1,0,0,1,1,0,0,1,1,1,0,1,1,1,0,0,1,0,1,1,1,1,BMW M3 Sedan 2021 3.0T Competition ,"490,980",SAR,ksa
6.5,12,Rear Wheel Drive,Petrol,800,718,Automatic,N A,1.971 ,1.276 ,2.720 ,210,0,1,1,1,0,0,0,1,0,0,0,0,0,1,0,0,0,1,0,1,1,0,1,0,0,1,0,0,0,0,0,1,0,0,0,0,0,0,0,0,0,1,0,0,0,0,1,1,0,0,0,1,0,0,0,1,1,0,1,1,1,0,1,0,0,1,1,1,1,Ferrari 812 GTS 2021 6.5L V12,"1,450,000",SAR,ksa
1.5,N/A,Front Wheel Drive,Petrol,120,151,Automatic,5 Seater,1.765,1.645,2.521,346,0,1,1,1,0,0,0,0,0,0,0,1,0,1,1,0,0,0,0,0,0,1,0,0,0,1,0,1,0,0,0,1,0,1,0,0,0,0,0,0,0,0,1,1,0,0,0,0,0,0,1,1,0,0,0,1,0,0,0,1,0,0,0,1,0,1,1,1,1,Ford EcoSport 2021 1.5 Trend,"127,050",SAR,ksa
3.7,6,Rear Wheel Drive,Petrol,328,363,Automatic,2 Seater,1.845,1.315,2.550,235,0,1,1,1,1,0,0,1,0,0,0,0,0,1,0,0,0,0,0,0,0,0,0,0,0,1,0,0,1,0,0,1,0,1,0,0,0,0,0,1,0,0,1,0,0,0,0,0,0,0,0,1,0,0,1,1,1,0,1,1,1,0,1,0,0,1,1,1,1,Nissan 370Z 2021 Coupe A/T,DISCONTINUED,SAR,ksa
1.4,4,Front Wheel Drive,Petrol,95,132,Automatic,N A,1.700,1.460,2.570,475,0,1,0,1,0,0,0,1,0,0,0,0,0,1,0,0,0,1,0,1,0,0,0,1,0,0,0,0,0,0,0,1,0,0,0,0,0,0,0,0,0,0,0,0,0,0,0,0,0,0,1,0,0,0,0,1,1,0,0,1,0,0,0,0,0,1,1,1,1,Kia Pegas 2021 1.4L MPI,TBD,SAR,ksa
1.5,4,Front Wheel Drive,Petrol,173,250,Automatic,5 Seater,1.842,1.480,2.680,401,0,1,1,1,0,1,0,1,1,0,1,1,0,1,1,0,0,1,1,1,0,1,0,1,0,1,1,1,0,1,0,1,1,0,1,1,1,1,1,1,0,0,0,0,0,1,0,1,1,1,1,1,0,1,0,0,1,1,1,0,0,0,0,1,1,1,1,1,1,MG GT 2022 1.5T Comfort ,TBD,SAR,ksa
2.0,4,All Wheel Drive,Petrol,240,365,Automatic,5 Seater,2.078,1.684,2.690,971,0,1,1,1,1,0,0,0,0,0,0,1,0,1,1,0,0,0,0,1,0,1,0,0,0,0,0,1,0,1,0,1,0,1,0,0,0,0,0,1,0,1,1,0,0,0,0,0,0,0,1,1,0,0,1,1,0,0,1,1,1,0,0,1,0,1,1,1,1,Ford Escape 2021 2.0L EcoBoost SE (AWD),"244,200",SAR,ksa
3.5,6,All Wheel Drive,Petrol,380,530,Automatic,5 Seater,1.925,1.465,3.010,493,0,1,1,1,1,1,1,1,1,0,1,1,0,1,1,1,0,1,1,1,1,1,1,1,1,1,1,0,1,1,1,1,1,1,1,1,1,1,1,1,1,0,1,1,1,1,1,1,1,1,1,1,0,1,1,1,1,1,1,1,1,1,1,1,1,1,1,1,1,Genesis G80 2021 3.5T Platinum (AWD),"313,875",SAR,ksa
4.0,6,All Wheel Drive,Petrol,420,420,Manual,2 Seater,1.801,1.269,2.484,150,0,1,1,1,1,1,0,1,1,1,1,1,0,1,0,0,0,1,1,1,0,1,1,1,0,1,1,0,1,1,1,1,1,1,1,1,1,1,1,1,1,1,1,1,1,1,1,1,1,1,0,1,0,1,1,1,1,1,1,1,1,1,1,1,1,1,1,1,1,Porsche 718 2021 GT4 ,"426,111",SAR,ksa
0.0,"N/A, Electric",All Wheel Drive,Electric,625,1050,Automatic,4 Seater,1.966 ,1.381 ,2.900 ,429,0,1,1,1,0,0,0,1,0,0,0,0,0,1,0,0,0,1,0,1,1,0,1,0,0,1,0,0,0,0,0,1,0,0,0,0,0,0,0,0,0,0,0,0,0,0,1,1,0,0,0,1,0,0,0,0,1,0,1,1,1,0,1,0,0,1,1,1,1,Porsche Taycan 2021 Turbo S ,TBD,SAR,ksa
2.0,4,All Wheel Drive,Petrol,170,207,CVT,5 Seater,1.855 ,1.685 ,2.690 ,1085,0,1,1,1,1,0,0,1,0,0,0,1,0,1,1,0,0,1,0,0,0,0,0,0,1,1,0,0,0,1,0,1,0,1,0,0,0,0,0,1,0,0,1,0,0,0,0,0,0,0,1,0,0,0,0,1,1,0,1,0,0,0,0,1,0,1,1,1,1,Toyota Rav4 2021 2.0L XLE AWD ,"118,450",SAR,ksa
2.5,4,Front Wheel Drive,Hybrid,240,237,CVT,7 Seater,4.950,1.930,1.730,2.850,,1,1,1,1,0,0,1,0,0,0,1,0,1,1,1,0,1,0,1,1,1,0,1,0,1,0,1,1,1,1,1,0,0,0,0,0,0,0,1,0,0,1,1,0,1,1,0,0,0,1,1,0,0,1,1,1,0,1,1,1,0,0,0,0,1,1,1,1,Toyota Highlander 2021 2.5L Hybrid Limited (FWD) ,"179,314",SAR,ksa
1.5,4,Front Wheel Drive,Petrol,170,275,Automatic,5 Seater,1.839,1.661,2.725,838,0,1,1,1,1,0,0,1,0,0,0,1,1,1,1,0,0,1,0,1,0,1,1,0,0,1,0,1,0,1,0,1,0,1,0,0,1,0,0,1,0,0,1,0,0,0,0,0,0,0,1,1,0,0,0,1,1,0,1,1,1,0,1,1,0,1,1,1,1,GMC Terrain 2021 1.5T SLE (FWD),"108,500",SAR,ksa
2.0,4,All Wheel Drive,Petrol,252,352,Automatic,5 Seater,1.844,1.661,2.725,846,0,1,1,1,1,1,0,1,0,0,0,0,0,1,1,1,0,1,0,1,0,1,0,0,1,1,0,1,1,1,1,1,0,1,0,0,1,0,0,1,0,1,1,1,0,0,1,1,0,1,1,1,0,0,1,1,1,0,1,1,1,0,1,1,0,1,1,1,1,Chevrolet Equinox 2021 2.0T Premier (AWD),"133,000",SAR,ksa
3.7,6,Rear Wheel Drive,Petrol,330,360,Automatic,5 Seater,1.845,1.500,2.900,500,0,1,1,1,1,0,0,1,0,0,0,1,0,1,1,0,0,1,0,1,0,1,1,0,1,1,1,0,1,1,0,1,0,1,0,0,1,0,0,1,0,1,1,1,0,0,1,1,0,1,1,1,0,0,1,1,1,0,1,1,1,1,1,1,0,1,1,1,1,Infiniti Q70 2021 3.7L Luxe,TBD,SAR,ksa
2.0,N/A,Rear Wheel Drive,Petrol,204,300,Automatic,5 Seater,1.810,1.442,2.840,481,0,1,1,1,1,0,0,1,0,0,0,1,0,1,1,0,0,1,0,1,0,1,1,0,1,1,0,0,1,1,0,1,0,1,0,0,1,0,0,1,0,1,1,0,0,0,1,1,0,0,1,1,0,0,1,1,1,0,1,1,1,1,0,1,0,1,1,1,1,Mercedes-Benz C-Class 2021 C 200,"214,631",SAR,ksa
2.0,4,All Wheel Drive,Petrol,135,195,Automatic,5 Seater,1.804,1.693,2.676,414,0,1,1,1,1,0,0,1,0,0,0,1,0,1,1,0,0,0,0,0,0,0,0,0,1,1,0,1,0,1,0,1,0,1,0,0,0,0,0,0,0,0,1,0,0,0,0,1,0,0,0,0,0,0,0,0,0,0,1,0,0,0,0,1,0,1,1,1,1,Renault Duster 2021 2.0L PE (4x4),"71,990",SAR,ksa
3.0,6,All Wheel Drive,Petrol,450,530,Automatic,4 Seater,1.852,1.300,2.450,132,0,1,1,1,1,0,0,1,0,0,0,0,0,1,1,0,0,0,0,0,0,0,1,0,0,1,0,0,1,1,0,1,0,1,0,0,1,0,0,1,0,1,1,0,0,0,0,1,0,0,0,1,0,0,1,1,0,0,0,1,0,0,0,0,0,1,1,1,1,Porsche 911 2021 Carrera 4S ,"574,401",SAR,ksa
1.6,N/A,Front Wheel Drive,Petrol,123,150,Automatic,5 Seater,1.720,1.455,2.570,288,0,1,1,1,0,0,0,0,0,0,0,0,0,1,1,0,0,1,0,0,0,1,0,0,0,1,1,0,0,1,0,1,0,1,0,0,1,0,0,0,0,0,1,1,0,0,0,1,0,0,1,1,0,0,1,1,1,0,1,1,1,0,0,1,0,1,1,1,1,Kia Rio Sedan 2021 1.6L MPI,"62,590",SAR,ksa
3.5,6,All Wheel Drive,Petrol,450,691,Automatic,7 Seater,2.123,1.933,3.343,538,0,1,1,1,1,1,0,1,0,0,0,1,0,1,1,1,0,1,0,1,1,1,1,0,1,1,0,1,1,1,1,1,0,1,0,0,1,1,1,1,0,1,1,1,0,1,1,1,0,1,1,1,0,0,1,1,1,0,1,1,1,1,1,1,0,1,1,1,1,Lincoln Navigator 2021 3.5T Presidential (AWD)  ,"433,435",SAR,ksa
2.0,4,Front Wheel Drive,Petrol,170,250,CVT,7 Seater,4.700,1.860,1.746,2.710,982,1,1,1,0,0,0,1,0,0,0,1,0,1,0,0,0,1,0,1,0,1,1,0,0,0,0,0,1,0,0,0,0,0,0,0,0,0,0,1,0,0,1,1,0,0,1,1,0,0,0,1,0,0,1,1,1,0,0,1,1,0,1,1,0,1,1,1,1,Chery Tiggo8 2021 2.0T Mid option,"79,500",SAR,ksa
2.0,4,All Wheel Drive,Petrol,211,350,Automatic,5 Seater,1.804,1.494,2.699,421,0,1,1,1,1,0,0,1,0,0,0,1,0,1,1,0,0,1,0,1,0,1,1,0,1,1,0,1,1,1,1,1,0,1,0,0,1,0,1,1,0,1,1,0,0,0,0,1,0,0,1,1,0,0,1,1,1,0,1,1,1,1,0,1,0,1,1,1,1,Mercedes-Benz GLA 2021 250 4MATIC,"188,403",SAR,ksa
4.0,8,All Wheel Drive,Petrol,460,620,Automatic,4 Seater,1.937,1.417,2.950,500,0,1,1,1,1,1,0,1,0,0,0,1,0,1,1,1,0,1,0,1,0,1,1,0,1,1,1,0,1,1,0,1,0,1,0,0,1,0,0,1,0,0,1,1,0,0,1,1,0,1,1,1,0,0,1,1,1,0,1,1,1,1,1,1,0,1,1,1,1,Porsche Panamera 2021 GTS,"687,500",SAR,ksa
1.4,4,Front Wheel Drive,Petrol,138,242,Automatic,5 Seater,1.790,1.620,2.610,430,0,1,1,1,1,1,0,1,1,0,1,0,0,1,1,0,0,1,1,0,0,0,1,0,0,1,0,1,0,1,0,1,1,1,1,0,0,0,1,0,0,0,1,0,0,1,0,0,1,0,1,1,0,1,0,1,0,1,1,1,1,0,0,1,1,1,1,1,1,Hyundai Creta 2021 1.4T,"75,000",SAR,ksa
0,0,0,0,0,0,0,0,0,0,0,0,0,0,0,0,0,1,0,0,1,0,1,0,0,0,0,0,0,1,1,0,0,0,0,0,0,0,0,0,0,1,0,0,1,0,1,0,0,0,1,0,0,0,0,0,0,1,0,0,1,0,0,0,0,1,0,0,0,1,0,0,0,0,0,0,1,0,0,0,0,0,0,0,0
2.5,4,Front Wheel Drive,Hybrid,215,221,CVT,5 Seater,1.840,1.445,2.824,493,0,1,1,1,1,1,1,1,1,0,1,1,0,1,1,0,0,1,1,1,0,1,0,0,1,1,1,1,0,1,0,1,1,1,1,1,1,1,1,1,0,0,1,1,0,1,1,0,1,1,1,1,1,1,1,1,1,1,1,1,1,0,1,1,1,1,1,1,1,Toyota Camry 2021 2.5L LE HEV (215 HP),"101,890",SAR,ksa
6.6,12,All Wheel Drive,Petrol,585,850,Automatic,5 Seater,1.902,1.479,3.210,515,0,1,1,1,1,1,0,1,0,0,0,1,0,1,1,1,0,1,0,1,1,1,1,0,1,1,1,1,1,1,1,1,0,1,0,0,1,0,1,1,0,0,1,1,0,1,1,1,0,1,1,1,0,1,1,1,1,0,1,1,1,1,1,1,0,1,1,1,1,BMW 7 Series 2021 M760Li xDrive,"712,800",SAR,ksa
0,0,0,0,0,0,0,0,0,0,0,0,0,0,0,0,0,0,0,0,0,0,0,0,0,0,0,0,0,1,0,0,0,0,0,0,0,0,0,0,0,0,0,0,0,0,0,0,0,0,0,0,0,0,0,0,0,0,0,0,0,0,0,0,0,0,0,0,0,0,0,0,0,0,0,0,0,0,0,0,0,0,0,0,0
2.0,4,All Wheel Drive,Petrol,197,320,Automatic,5 Seater,2.069,1.724,2.741,981,0,1,1,1,1,1,1,1,1,0,1,1,0,1,1,1,1,1,1,1,0,1,1,0,1,1,0,0,1,1,0,1,1,1,1,1,0,1,1,1,0,1,1,1,1,1,1,1,1,1,1,1,0,1,0,1,1,1,1,1,1,0,1,1,1,1,1,1,1,Land Rover Discovery Sport 2021 2.0T R-Dynamic S (P200) (AWD) ,"273,000",SAR,ksa
0,0,0,0,0,0,0,0,0,0,0,0,0,1,1,1,1,1,0,1,1,0,1,0,0,1,1,1,0,1,1,0,0,1,0,0,0,0,0,0,0,1,0,1,1,1,1,0,0,0,1,0,0,0,0,0,0,1,0,0,1,0,1,1,0,1,0,0,1,1,0,0,0,0,0,1,1,0,0,0,0,0,0,0,0
2.0,4,All Wheel Drive,Petrol,170,207,CVT,5 Seater,1.855 ,1.685 ,2.690 ,1085,0,1,1,1,1,0,0,1,0,0,0,1,0,1,1,0,0,1,0,0,0,0,0,0,1,1,0,0,0,1,0,1,0,1,0,0,0,0,0,1,0,0,1,0,0,0,0,0,0,0,1,0,0,0,0,1,1,0,1,0,0,0,0,1,0,1,1,1,1,Toyota Rav4 2021 2.0L LE AWD,"102,925",SAR,ksa
4.0,8,All Wheel Drive,Petrol,422,610,Automatic,5 Seater,1.988,1.958,2.890,,0,1,1,1,1,0,0,1,0,0,0,1,1,1,1,0,1,1,0,1,0,1,1,0,1,1,1,1,1,1,0,1,0,1,0,0,1,0,1,1,0,0,1,1,0,1,1,1,0,0,1,1,0,0,1,1,1,0,1,1,1,1,1,1,0,1,1,1,1,Mercedes-Benz G-Class 2021 G500,"502,785",SAR,ksa
3.0,6,All Wheel Drive,Petrol,400,550,Automatic,5 Seater,2.008,1.965,3.022,1075,0,0,0,1,0,1,1,0,1,0,1,0,0,1,0,0,0,0,1,0,0,0,0,1,0,0,1,0,0,1,0,1,1,0,1,0,0,1,1,0,0,0,0,0,0,1,0,0,1,0,0,0,0,1,0,1,0,1,0,0,0,0,0,0,1,1,1,1,1,Land Rover Defender 2021 110 SE (P400) ,"322,805",SAR,ksa
2.0,N/A,Rear Wheel Drive,Petrol,258,370,Automatic,4 Seater,1.810,1.405,2.840,400,0,1,1,1,1,0,0,1,0,0,0,1,0,1,1,0,0,1,0,0,0,1,1,0,1,1,0,0,1,1,0,1,0,1,0,0,1,0,1,1,0,0,1,1,0,0,0,1,0,1,0,1,0,0,1,1,1,0,1,1,1,1,0,1,0,1,1,1,1,Mercedes-Benz C-Class Coupe 2021 C 300,"256,922",SAR,ksa
0,0,0,0,0,0,0,0,0,0,0,0,0,0,0,0,0,0,0,0,0,0,0,0,0,0,0,0,0,1,0,0,0,0,0,0,0,0,0,0,0,0,0,0,0,0,0,0,0,0,0,0,0,0,0,0,0,0,0,0,0,0,0,0,0,0,0,0,0,0,0,0,0,0,0,0,0,0,0,0,0,0,0,0,0
3.6,6,All Wheel Drive,Petrol,311,373,Automatic,7 Seater,5.050,1.964 ,1.784 ,2.863 ,356,1,0,1,1,1,1,1,1,1,1,1,0,1,0,1,0,1,1,1,0,1,1,1,0,1,1,1,1,1,0,1,1,1,1,1,1,1,1,0,0,1,1,0,1,1,1,1,1,1,1,1,1,1,1,1,1,1,1,1,1,0,0,1,1,1,1,1,1,Cadillac XT6 2021 3.6L Premium Luxury (AWD),"259,500",SAR,ksa
2.5,4,Front Wheel Drive,Petrol,214,221,CVT,5 Seater,1.865,1.445,2.870,454,0,1,1,1,1,1,1,1,1,0,1,1,0,1,1,0,0,1,1,1,0,1,1,0,1,1,1,1,1,1,0,1,1,1,1,1,1,1,1,1,0,1,1,1,1,1,0,1,1,1,1,1,1,1,1,1,1,1,1,1,1,1,0,1,1,1,1,1,1,Lexus ES 2021 300 Hybrid,"189,175",SAR,ksa
0.0,8,Rear Wheel Drive,Petrol,640,854,Automatic,N A,1.833 ,1.454 ,2.910 ,388,0,1,1,1,0,0,0,1,0,0,0,0,0,1,0,0,0,1,0,1,1,0,1,1,1,0,0,0,1,0,0,1,0,0,0,0,0,0,0,0,0,1,0,0,0,0,1,1,0,0,1,1,0,0,0,1,1,0,0,1,0,0,0,0,0,1,1,1,1,Cadillac CTS-V Sedan 2021 6.2L Supercharged W/ Carbon fiber package (640HP),DISCONTINUED,SAR,ksa
2.4,4,Front Wheel Drive,Petrol,185,241,Automatic,5 Seater,1.860,1.465,2.805,450,0,1,1,1,1,0,0,1,0,0,0,1,0,1,1,0,0,1,0,0,0,1,0,0,0,1,0,0,0,1,0,1,0,1,0,0,0,0,0,0,0,0,1,0,0,0,0,1,0,0,1,1,0,0,0,1,1,0,1,1,0,0,0,1,0,1,1,1,1,Kia Optima 2021 2.4L GDI,"75,570",SAR,ksa
3.6,6,Rear Wheel Drive,Petrol,305,363,Automatic,5 Seater,1.923,1.460,2.950,459,0,1,1,1,1,0,0,1,0,0,0,1,0,1,1,0,0,1,0,1,0,1,1,0,0,1,0,0,1,1,0,1,0,1,0,0,1,0,0,1,0,1,1,1,0,0,0,0,0,0,0,1,0,0,1,1,1,0,1,1,1,1,1,1,0,1,1,1,1,Dodge Challenger 2021 3.6L Supertrack S,"210,650",SAR,ksa
3.0,6,Rear Wheel Drive,Petrol,300,400,Automatic,5 Seater,1.820,1.455,2.850,500,0,1,1,1,1,1,0,1,1,0,1,1,0,1,1,0,0,1,1,1,0,1,1,0,1,1,0,1,1,1,0,1,1,1,1,0,1,0,1,1,0,1,1,1,0,1,0,1,1,0,1,1,0,1,1,1,1,1,1,1,1,1,1,1,1,1,1,1,1,Infiniti Q50 2021 3.0T Sensory ,"178,743",SAR,ksa
0,0,0,0,0,0,0,0,0,0,0,0,0,0,0,0,0,0,0,0,0,0,0,0,0,0,0,0,0,0,0,0,0,0,0,0,0,0,0,0,0,1,0,0,0,0,0,0,0,0,1,0,0,0,0,0,0,1,0,0,0,0,0,0,0,0,0,0,0,0,0,0,0,0,0,0,0,0,0,0,0,0,0,0,0
2.0,4,All Wheel Drive,Diesel,161,400,Automatic,5 Seater,5.410,1.934,1.886,3.230,,0,0,0,0,1,0,0,1,1,1,0,0,0,0,0,0,0,1,0,0,0,1,1,0,0,1,0,0,1,1,0,1,0,1,0,0,1,1,1,1,0,0,0,1,1,0,0,1,0,0,0,1,1,0,0,0,1,0,0,0,0,0,0,1,1,1,1,1,Great Wall POER 2021 2.0T Super Luxury Double Cab Diesel (4WD) ,"108,069",SAR,ksa
0,0,0,0,0,0,0,0,0,0,0,0,0,0,0,0,0,1,0,0,1,0,1,0,0,0,0,0,0,0,1,0,0,0,0,0,0,0,0,0,0,1,0,0,1,0,1,0,0,0,1,0,0,0,0,0,0,1,0,0,1,0,0,0,0,1,0,0,0,1,0,0,0,0,0,0,1,0,0,0,0,0,0,0,0
1.5,4,Front Wheel Drive,Petrol,147,220,Automatic,5 Seater,4.468,1.841,1.619,,,0,0,0,0,1,0,0,1,0,1,0,0,0,0,0,0,0,1,0,0,0,0,0,0,0,0,0,0,1,0,0,1,0,1,0,0,0,1,0,0,0,0,0,0,1,0,0,1,0,0,0,0,1,0,0,0,1,0,0,0,0,0,0,1,1,1,1,1,Haval Jolion 2022 1.5T Active,"73,589",SAR,ksa
3.5,6,Front Wheel Drive,Petrol,271,340,Automatic,7 Seater,1.975,1.795,2.900,470,0,1,1,1,1,1,0,1,1,0,1,0,0,1,0,0,0,1,1,0,0,1,1,0,0,0,1,1,0,1,0,0,1,1,1,1,1,1,1,0,0,0,0,0,1,1,1,0,1,1,0,1,1,1,0,0,1,1,0,1,1,0,0,1,1,1,1,1,1,Nissan Pathfinder 2022 3.5L SV 2WD  ,TBD,SAR,ksa
2.0,4,Front Wheel Drive,Petrol,247,350,Automatic,5 Seater,1.910,1.652,2.702,460,0,1,1,1,1,1,0,1,0,0,0,1,0,1,1,0,0,1,0,1,0,1,1,0,1,1,0,1,0,1,0,1,0,1,0,0,1,0,0,1,0,0,1,0,0,0,1,1,0,0,1,1,0,0,1,1,1,0,1,1,1,0,1,1,0,1,1,1,1,Volvo XC40 2021 2.0T T5 FWD Momentum ,TBD,SAR,ksa
2.0,4,Rear Wheel Drive,Petrol,237,350,Automatic,5 Seater,4.924 ,1.883 ,1.452 ,2.947 ,337,1,1,1,1,0,0,1,0,0,0,1,0,1,1,1,0,1,0,1,0,1,1,1,1,1,0,1,0,0,0,1,0,0,0,0,0,0,0,1,0,1,1,0,0,0,1,1,0,0,1,1,0,0,0,1,1,1,1,1,1,0,0,1,0,1,1,1,1,Cadillac CT5 2021 2.0T Premium Luxury  ,"200,600",SAR,ksa
4.0,6,All Wheel Drive,Petrol,228,360,Manual,5 Seater,1.870,1.955,2.310,,0,1,1,0,0,0,1,0,1,0,0,0,0,0,0,0,0,1,0,1,0,1,0,0,0,1,0,0,0,1,0,1,0,1,0,0,0,0,0,1,0,0,1,1,0,0,0,0,0,0,1,0,0,0,0,1,0,0,1,1,0,0,1,1,0,1,1,1,1,Toyota Land Cruiser Pick Up 2021 4.0L Super Deluxe Hard Top (M/T) w/ Winch,"162,350",SAR,ksa
0.0,"N/A, Electric",Front Wheel Drive,Electric,167,0,Automatic,5 Seater,1.890,1.605,3.000,,0,0,0,0,0,1,0,0,1,0,1,0,0,0,0,0,0,0,1,0,0,0,0,0,0,0,0,0,0,1,0,0,1,0,1,0,0,0,1,0,0,0,0,0,0,1,0,0,1,0,0,0,0,1,0,0,0,1,0,0,0,0,0,0,1,1,1,1,1,Hyundai Ioniq 5 2022 EV  58 kWh,TBD,SAR,ksa
1.5,4,Front Wheel Drive,Petrol,105,145,Automatic,5 Seater,4.390,1.725,1.468,2.535,500,1,1,1,0,1,0,1,1,1,1,0,0,1,0,0,0,1,1,1,0,0,0,1,1,1,0,0,1,1,0,1,1,0,1,0,0,0,1,0,0,0,0,0,0,1,1,0,1,1,1,1,0,1,0,1,1,1,0,1,0,0,0,1,1,1,1,1,1,Changan Alsvin 2021 1.5L Basic,"37,835",SAR,ksa
1.6,4,Front Wheel Drive,Petrol,118,149,Automatic,5 Seater,1.960,1.590,2.620,432,0,1,1,1,1,0,0,1,0,0,0,0,0,1,1,0,0,1,0,1,0,1,1,0,0,1,0,1,0,0,0,1,0,1,0,0,1,0,0,0,0,0,1,0,0,0,0,1,0,0,1,1,0,0,0,1,1,0,1,1,0,0,1,1,0,1,1,1,1,Nissan Kicks 2021 1.6 S,"60,000",SAR,ksa
1.5,4,Front Wheel Drive,Petrol,198,260,Automatic,5 Seater,1.860,1.450,2.830,473,0,1,1,1,1,0,0,1,0,0,0,1,0,1,1,0,0,1,0,0,0,1,0,0,1,1,1,1,0,1,0,1,0,1,0,0,0,0,1,1,0,1,1,1,0,1,1,1,0,0,1,1,0,0,1,1,1,0,1,1,1,0,1,1,0,1,1,1,1,Honda Accord 2021 1.5T LX Sport,"121,785",SAR,ksa
2.0,N/A,Rear Wheel Drive,Petrol,247,365,Automatic,5 Seater,1.967,1.462,2.835,455,0,1,1,1,1,1,0,1,1,0,1,1,0,1,1,0,0,1,1,1,0,1,1,0,1,1,0,0,1,1,0,1,1,1,1,1,1,1,1,1,0,0,1,1,1,1,0,1,1,1,1,1,0,1,1,1,1,1,1,0,1,0,1,1,1,1,1,1,1,Jaguar XE 2021 2.0T SE (250 PS) ,"246,215",SAR,ksa
4.0,6,All Wheel Drive,Petrol,271,385,Automatic,7 Seater,5.145,1.980,1.890,,,1,1,1,1,1,0,1,1,1,1,1,1,1,1,0,0,1,1,0,0,1,1,1,1,1,1,0,0,1,1,1,1,1,1,1,0,1,1,1,1,1,1,1,1,1,1,1,1,1,1,1,1,1,0,1,1,1,0,0,0,1,0,1,1,1,1,1,1,Toyota Land Cruiser 2022 4.0L GXR (4WD)  ,TBD,SAR,ksa
2.0,4,Front Wheel Drive,Petrol,150,192,Automatic,5 Seater,1.801,1.435,2.700,408,0,1,1,0,0,0,0,0,0,0,0,0,0,0,0,0,0,1,0,1,0,0,0,0,1,1,1,0,1,1,0,1,0,1,0,0,1,0,0,1,0,0,1,1,0,0,0,0,0,0,1,1,0,0,1,1,1,0,1,1,1,1,1,1,0,1,1,1,1,Hyundai Elantra 2021 2.0L GLS,"76,000",SAR,ksa
2.0,4,All Wheel Drive,Petrol,300,400,Automatic,5 Seater,2.008,1.969,2.587,397,0,0,0,1,0,1,0,0,1,0,1,0,0,1,0,0,0,0,1,0,0,0,0,0,0,0,0,0,0,1,0,1,1,0,1,0,0,0,1,0,0,0,0,0,0,1,0,0,1,0,0,0,0,1,0,1,0,1,0,0,0,0,0,0,1,1,1,1,1,Land Rover Defender 2021 90 SE (P300),"290,030",SAR,ksa
2.0,4,Rear Wheel Drive,Petrol,268,400,Automatic,5 Seater,1.834,1.453,2.911,388,0,1,1,1,1,0,0,1,0,0,0,1,0,1,1,1,0,1,0,1,0,1,1,0,1,1,0,0,1,1,1,1,0,1,0,0,1,0,0,1,0,1,1,1,0,0,0,1,0,0,1,1,0,0,1,1,1,0,1,1,1,1,1,1,0,1,1,1,1,Cadillac CTS 2021 2.0L Turbo Luxury ,DISCONTINUED,SAR,ksa
0,0,0,0,0,0,0,0,0,0,0,0,0,0,0,0,0,0,0,0,0,0,0,0,0,0,0,0,0,1,0,0,0,0,0,0,0,0,0,0,0,0,0,0,0,0,0,0,0,0,0,0,0,0,0,0,0,0,0,0,0,0,0,0,0,0,0,0,0,0,0,0,0,0,0,0,0,0,0,0,0,0,0,0,0
2.0,N/A,Rear Wheel Drive,Petrol,184,300,Automatic,2 Seater,1.810,1.301,2.430,335,0,1,1,1,1,0,0,1,0,0,0,0,0,1,0,0,0,1,0,1,0,1,1,0,0,1,0,0,1,1,0,1,0,1,0,0,0,0,0,1,0,1,1,0,0,0,0,1,0,0,0,1,1,0,1,1,1,0,1,1,1,1,0,1,0,1,1,1,1,Mercedes-Benz SLC 2021 200,"214,500",SAR,ksa
3.6,6,All Wheel Drive,Petrol,290,350,Automatic,5 Seater,1.943,1.792,2.916,782,0,1,1,1,1,0,0,1,0,0,0,1,1,1,1,0,0,1,0,1,0,1,1,0,1,1,0,1,1,1,1,1,0,1,0,0,1,0,0,1,0,0,1,1,0,0,0,1,0,1,1,1,0,0,1,1,1,0,1,1,1,1,1,1,0,1,1,1,1,Jeep Grand Cherokee 2021 3.6L Summit ,"242,739",SAR,ksa
3.0,6,Rear Wheel Drive,Petrol,350,500,Automatic,5 Seater,2.100,1.461,2.998,500,0,1,1,0,1,0,0,1,0,0,0,1,0,0,1,0,0,1,0,0,0,1,1,0,1,1,0,1,1,1,0,1,0,1,0,0,1,0,0,1,0,1,1,0,0,0,0,1,0,0,1,1,0,0,1,1,1,0,1,1,1,1,1,1,0,1,1,1,1,Maserati Ghibli 2021 3.0T V6 ,"330,000",SAR,ksa
2.4,4,All Wheel Drive,Diesel,147,400,Automatic,5 Seater,1.815,1.815,3.090,900,0,1,1,0,1,0,0,1,0,0,0,1,0,0,0,0,0,1,0,1,0,1,0,0,0,1,0,0,0,1,0,1,0,1,0,0,0,0,0,1,0,0,1,1,0,1,1,0,0,0,0,1,0,0,1,1,0,0,1,1,1,0,0,1,0,1,1,1,1,Toyota Hilux 2021 2.4L S GLX Double Cab (4x4),"147,315",SAR,ksa
2.9,6,All Wheel Drive,Petrol,510,600,Automatic,5 Seater,2.16,1.67,2.818,525,0,1,0,1,1,1,0,1,0,0,0,0,0,1,1,1,0,1,0,1,0,1,1,0,0,1,0,0,1,1,0,1,0,1,0,0,1,0,0,1,0,1,1,0,0,0,1,1,0,1,1,0,0,0,1,1,1,0,1,0,1,1,0,0,0,1,1,1,1,Alfa Romeo Stelvio 2021 Quadrifoglio,"440,000",SAR,ksa
0,0,0,0,0,0,0,0,0,0,0,0,0,1,0,0,1,0,0,1,0,0,0,0,0,0,0,0,0,1,0,1,0,1,1,0,0,1,0,0,1,0,0,0,0,0,0,0,0,0,0,0,0,0,0,0,0,0,0,0,0,1,0,0,0,0,1,0,0,0,0,0,0,0,0,0,0,0,0,0,0,0,0,0,0
4.4,8,All Wheel Drive,Petrol,600,750,Automatic,5 Seater,1.903,1.473,2.982,530,0,1,1,1,1,1,0,1,0,0,0,1,0,1,1,1,0,1,0,1,1,1,1,0,1,1,1,1,1,1,0,1,0,1,0,0,1,0,0,1,0,0,1,1,0,0,1,1,0,1,1,1,0,1,1,1,1,0,1,1,1,1,0,1,0,1,1,1,1,BMW M5 Sedan 2021 4.4T (600 HP),"647,900",SAR,ksa
4.0,8,All Wheel Drive,Petrol,542,770,Automatic,5 Seater,2.013,1.483,3.194,442,0,1,1,1,1,1,1,1,1,0,1,1,0,1,1,0,0,1,1,1,0,1,1,0,1,1,1,0,1,1,0,1,1,1,1,1,1,1,1,1,0,1,1,0,1,1,0,1,1,1,1,1,1,1,1,1,1,1,1,1,1,1,1,1,1,1,1,1,1,Bentley Flying Spur 2021 4.0T V8,"825,000",SAR,ksa
0,0,0,0,0,0,0,0,0,0,0,0,0,0,0,0,0,1,1,0,1,0,1,0,0,0,0,0,0,0,1,0,0,0,0,0,0,0,0,0,0,0,0,0,1,0,0,1,0,1,0,0,0,0,0,0,1,1,0,0,1,0,0,0,1,1,0,0,0,1,0,0,0,0,0,0,1,0,0,0,0,0,0,0,0
2.4,N/A,All Wheel Drive,Petrol,184,244,CVT,5 Seater,1.855,1.678,2.660,,0,1,1,1,1,0,0,1,0,0,0,0,0,1,1,0,0,1,0,0,0,1,1,0,1,1,0,0,1,1,0,1,0,1,0,0,1,0,0,1,0,0,1,0,0,0,0,1,0,0,1,1,0,0,1,1,1,0,1,0,1,0,0,1,0,1,1,1,1,Honda CR-V 2021 EX Plus (AWD),"132,135",SAR,ksa
1.9,4,All Wheel Drive,Diesel,150,350,Manual,5 Seater,5.330,1.930,1.835,3.180,,0,0,0,0,1,0,0,1,0,1,0,0,0,0,0,0,0,1,0,0,0,0,0,0,0,0,0,0,1,0,0,1,0,1,0,0,1,1,0,0,0,0,0,0,1,0,0,1,0,0,0,0,1,0,0,0,1,0,0,0,0,0,0,1,1,1,1,1,Changan Hunter 2022 1.9T Delta (4WD)   ,"81,535",SAR,ksa
3.0,6,All Wheel Drive,Petrol,340,500,Automatic,2 Seater,1.864,1.304,2.470,310,0,1,1,0,1,1,0,1,1,0,1,0,0,1,0,0,0,1,1,0,0,1,1,0,0,1,0,0,1,1,1,1,1,1,1,1,1,1,1,1,0,1,1,0,1,1,1,1,1,1,0,1,0,1,1,1,1,1,1,1,1,0,0,1,1,1,1,1,1,BMW Z4 Roadster 2021 sDriveM40i,"335,500",SAR,ksa
3.0,6,All Wheel Drive,Petrol,362,500,Automatic,5 Seater,1.852,1.468,2.939,540,0,1,1,1,1,1,0,1,0,0,0,1,0,1,1,1,0,1,0,1,0,1,1,0,1,1,1,0,1,1,0,1,0,1,0,0,1,0,0,1,0,0,1,0,0,0,1,1,0,1,1,1,0,0,1,1,1,0,1,1,1,1,0,1,0,1,1,1,1,Mercedes-Benz E-Class Saloon 2021 E 450 4MATIC,"302,849",SAR,ksa
4.0,6,All Wheel Drive,Petrol,275,395,Automatic,8 Seater,1.995,1.940,3.075,550,0,1,1,1,1,0,0,1,0,0,0,1,1,1,1,0,0,1,0,0,0,1,1,0,1,1,0,0,0,1,0,1,0,1,0,0,0,0,0,0,0,0,1,0,0,0,0,0,0,1,1,1,0,0,1,1,1,0,1,0,1,0,0,0,0,1,1,1,1,Nissan Patrol 2021 4.0L XE ,"196,339",SAR,ksa
2.0,4,Front Wheel Drive,Petrol,245,273,Automatic,5 Seater,2.108,1.628,2.711,780,0,1,1,1,0,1,0,1,1,0,1,1,0,1,1,0,0,1,1,1,0,1,1,0,0,1,0,1,0,1,0,1,1,1,1,1,0,1,1,1,0,1,1,1,1,1,1,1,1,1,1,1,0,1,1,1,0,1,1,1,1,0,0,1,1,1,1,1,1,Lincoln Crosair 2021 2.0T Base,"188,485",SAR,ksa
3.0,6,All Wheel Drive,Petrol,510,650 ,Automatic,4 Seater,1.887,1.395,2.857,300 ,0,1,1,1,1,1,0,1,1,0,1,1,0,1,1,0,0,1,1,1,0,1,1,0,0,1,0,0,1,1,1,1,1,1,1,1,1,1,1,1,0,1,1,1,1,1,1,1,1,1,1,1,0,1,1,1,1,1,1,1,1,1,0,1,1,1,1,1,1,BMW M4 Convertible 2021 3.0T Competition M xDrive,"497,200",SAR,ksa
